ISBN,Title,Author,Book Type,Original Price,Discount Price,ISBN-10,Published Date,Publisher,Number Of Pages
9780007461240,The Screwtape Letters: Letters From A Senior To A Junior Devil ,C. S. Lewis,Paperback,19.99,18.25,0007461240,2012-07-01,HarperCollins Publishers,224
9780307762528,Book not found,,,,,,,,
9780743422277,Star Trek The Original Series: Rihannsu #3: Swordhunt,Diane Duane,ePUB,5.99,5.99,0743422279,2001-12-03,Pocket Books/Star Trek,256
9780241290002,Familiar Stranger A Life between Two Islands,Stuart Hall,ePUB,15.99,15.99,0241290007,2017-04-06,Penguin Books Ltd,256
9780061763403,Book not found,,,,,,,,
9780463983096,Across the Seas,Griff Hosker,ePUB,9.19,9.19,0463983092,2019-03-04,Griff Hosker,
9780241365984,American Royals,Katharine McGee,ePUB,9.99,9.99,0241365988,2019-09-01,Penguin Random House Children's UK,368
9781322117171,Book not found,,,,,,,,
9780141911717,Homage to Catalonia,George Orwell,ePUB,15.99,15.99,0141911719,2003-06-05,Penguin Books Ltd,272
9780141930169,The Twits,"Roald Dahl, Quentin Blake (Illustrator)",ePUB,9.99,9.99,0141930160,2007-09-06,Penguin Random House Children's UK,112
9781250316783,Book not found,,,,,,,,
9780748115358,The Great Hunt Wheel of Time: Book 2,Robert Jordan,ePUB,11.99,11.99,0748115358,2009-11-17,"Little, Brown Book Group",736
9780141342436,Magnus Chase and the Sword of Summer (Book 1),Rick Riordan,ePUB,9.99,9.99,0141342439,2015-10-06,Penguin Random House Children's UK,528
9780141903125,Boy Tales of Childhood,"Roald Dahl, Quentin Blake (Illustrator)",ePUB,9.99,9.99,0141903120,2008-09-04,Penguin Random House Children's UK,192
9780141928685,Angels,Marian Keyes,ePUB,15.99,15.99,0141928689,2005-03-31,Penguin Books Ltd,496
9780755386390,The Lost (Paula Maguire 1) A gripping Irish crime thriller with explosive twists,Claire McGowan,ePUB,11.99,11.99,0755386396,2013-04-11,Headline,305
9780230739673,Book not found,,,,,,,,
9781310517228,Anxiety Panicking about Panic,Joshua Fletcher,ePUB,9.38,9.38,1310517223,2016-03-22,Joshua Fletcher,
9780698137653,George Washington's Secret Six The Spy Ring That Saved the American Revolution,"Brian Kilmeade, Don Yaeger",ePUB,22.29,17.99,0698137655,2013-11-05,Penguin Publishing Group,288
9780956308641,Book not found,,,,,,,,
9781405921107,Jamie's Food Tube The Pasta Book,Gennaro Contaldo,ePUB,14.99,14.99,1405921102,2015-07-02,Penguin Books Ltd,128
9780575087057,The Name of the Wind Kingkiller Chronicles: Book 1,Patrick Rothfuss,ePUB,12.99,12.99,0575087056,2010-04-22,Orion,672
9780440336358,Darkfever Fever Series Book 1,Karen Marie Moning,ePUB,14.66,11.99,044033635X,2006-10-31,Random House Publishing Group,
9780755332557,Kiss ,Jill Mansell,Paperback,26.99,26.4,0755332555,2007-05-10,Headline,512
9780470901038,"Business Model Generation A Handbook for Visionaries, Game Changers, and Challengers",Alexander Osterwalder,PDF,45.09,45.09,0470901039,2010-07-23,Wiley Professional Development (P&T),288
9780698185890,Book not found,,,,,,,,
9780857202994,"The Night Stalker A brilliant serial killer thriller, featuring the unstoppable Robert Hunter",Chris Carter,ePUB,12.99,12.99,0857202995,2011-08-18,Simon & Schuster UK,464
9780446539654,The Jury Master,Robert Dugoni,ePUB,17.99,17.99,0446539651,2008-07-15,Grand Central Publishing,300
9781310869686,Book not found,,,,,,,,
9780241242643,The Book of Why The New Science of Cause and Effect,"Judea Pearl, Dana Mackenzie",ePUB,16.99,16.99,0241242649,2018-05-15,Penguin Books Ltd,400
9780748109265,Blow Fly,Patricia Cornwell,ePUB,11.99,11.99,0748109269,2008-09-04,"Little, Brown Book Group",544
9780241980750,The Sapphire Widow The Enchanting Richard & Judy Book Club Pick 2018,Dinah Jefferies,ePUB,15.99,15.99,0241980755,2018-04-05,Penguin Books Ltd,400
9780330469364,Book not found,,,,,,,,
9780241379011,Couples That Work How To Thrive in Love and at Work,Jennifer Petriglieri,ePUB,18.99,18.99,0241379016,2019-10-10,Penguin Books Ltd,304
9780575088436,Time of Contempt The bestselling novel which inspired season 3 of Netflix's The Witcher,"Andrzej Sapkowski, David French (Translator)",ePUB,12.99,12.99,0575088435,2013-06-24,Orion,320
9781405927697,Typhoon Fury Oregon Files #12,"Clive Cussler, Boyd Morrison",ePUB,15.99,15.99,1405927690,2017-11-16,Penguin Books Ltd,480
9780755350841,The Eagle's Conquest (Eagles of the Empire 2) Cato & Macro: Book 2,Simon Scarrow,ePUB,12.99,12.99,0755350847,2008-09-04,Headline,448
9781101117996,The Divine Comedy,"Dante Alighieri, John Ciardi (Translator)",ePUB,25.7,20.99,1101117990,2003-05-27,Penguin Publishing Group,928
9781101209356,A Maiden's Grave,Jeffery Deaver,ePUB,14.66,11.99,1101209356,2000-01-01,Penguin Publishing Group,
9780755373970,No One Left To Tell (The Baltimore Series Book 2),Karen Rose,ePUB,11.99,11.99,0755373979,2012-01-05,Headline,451
9780755380558,The Snow Child The Richard and Judy Bestseller,Eowyn Ivey,ePUB,12.99,12.99,075538055X,2012-02-01,Headline,318
9780439023481,The Hunger Games (USA Edition) The Hunger Games Trilogy : Book 1,Suzanne Collins,Hardcover,40.95,40.95,0439023483,2008-10-01,Scholastic US,384
9781250232984,Made Things,Adrian Tchaikovsky,ePUB,6.22,5.99,1250232988,2019-11-05,Tor Publishing Group,
9780141926902,Percy Jackson and the Sea of Monsters (Book 2),Rick Riordan,ePUB,12.99,12.99,0141926902,2008-05-01,Penguin Random House Children's UK,288
9780571333141,"Conversations with Friends 'Brilliant, funny and startling.' GUARDIAN",Sally Rooney,ePUB,16.49,14.99,0571333141,2017-05-25,Faber & Faber,272
9781407035536,Strata,Terry Pratchett,ePUB,14.99,14.99,1407035533,2009-11-24,Transworld,288
9780141966151,Misbehaving The Making of Behavioural Economics,Richard H. Thaler,ePUB,16.99,16.99,0141966157,2015-05-07,Penguin Books Ltd,256
9780230225916,Book not found,,,,,,,,
9780804141116,Book not found,,,,,,,,
9780141929385,My East End Memories of Life in Cockney London,Gilda O'Neill,ePUB,15.99,15.99,0141929383,2000-09-28,Penguin Books Ltd,384
9781471144011,Book not found,,,,,,,,
9780141964089,The Promise,Lesley Pearse,ePUB,15.99,15.99,0141964081,2012-01-19,Penguin Books Ltd,528
9780141929576,Artemis Fowl and The Arctic Incident The Arctic Incident,Eoin Colfer,ePUB,9.99,9.99,014192957X,2002-06-06,Penguin Random House Children's UK,336
9780141957869,23 Things They Don't Tell You About Capitalism,Ha-Joon Chang,ePUB,15.99,15.99,0141957867,2010-09-02,Penguin Books Ltd,304
9780141929743,Excalibur A Novel of Arthur,Bernard Cornwell,ePUB,15.99,15.99,014192974X,2007-11-01,Penguin Books Ltd,496
9780544836730,Myers+Chang at Home Recipes from the Beloved Boston Eatery,"Joanne Chang, Karen Akunowicz",ePUB,46.19,36.99,0544836731,2024-03-19,HarperCollins,320
9781328527905,Book not found,,,,,,,,
9780307965493,Mastering Color Knitting,Melissa Leapman,ePUB,15.42,12.99,030796549X,2011-07-13,Clarkson Potter/Ten Speed,
9780547928517,Book not found,,,,,,,,
9780646987286,How I Became The Fittest Woman On Earth My Story So Far,Tia-Clair Toomey,ePUB,17.59,16.99,0646987283,2018-01-22,BL SOUTHWICK PUBLISHING PTY LTD,202
9781101042182,Dubliners,"James Joyce, Edna O'Brien (Introduction by), Malachy McCourt",ePUB,8.55,7.99,1101042184,2007-02-06,Penguin Publishing Group,272
9780761174981,Stitch 'N Bitch Crochet The Happy Hooker,Debbie Stoller,ePUB,23.99,23.99,0761174982,2006-02-13,Workman Publishing Company,250
9781365501210,Book not found,,,,,,,,
9780748115396,Lord of Chaos Wheel of Time: Book 6,Robert Jordan,ePUB,12.99,12.99,0748115390,2010-03-16,"Little, Brown Book Group",1056
9780857208347,"A Wartime Christmas the Sunday Times bestselling family saga, perfect for Christmas 2019",Carol Rivers,ePUB,8.99,8.99,0857208349,2013-08-01,Simon & Schuster UK,464
9780755376605,Blood Ties A heartstopping psychological thriller with a twist you will never see coming,Samantha Hayes,ePUB,12.99,12.99,0755376609,2010-03-04,Headline,307
9780785170655,Infinity Gauntlet,"Jim Starlin, George Perez (Illustrator), Ron Lim (Illustrator)",ePUB,16.12,12.99,0785170650,2014-05-28,Marvel Entertainment,
9781405926959,No Way Back,M. J. Arlidge,ePUB,2.99,2.99,1405926953,2016-08-08,Penguin Books Ltd,40
9780241397817,Feel Better In 5 Your Daily Plan to Feel Great for Life,Dr Rangan Chatterjee,ePUB,19.99,19.99,0241397812,2019-12-26,Penguin Books Ltd,272
9781405919470,Book not found,,,,,,,,
9780316338363,Book not found,,,,,,,,
9780991190928,Escaping Destiny,Amelia Hutchins,ePUB,6.99,6.99,0991190920,2015-07-30,Amelia Hutchins,
9780141967561,The Mark of Athena (Heroes of Olympus Book 3),Rick Riordan,ePUB,12.99,12.99,0141967560,2012-10-02,Penguin Random House Children's UK,592
9780470893869,The Five Dysfunctions of a Team A Leadership Fable,Patrick M. Lencioni,ePUB,32.99,32.99,0470893869,2010-06-03,Wiley Professional Development (P&T),240
9780698407091,Christmas Bells A Novel,Jennifer Chiaverini,ePUB,18.85,15.99,0698407091,2015-10-27,Penguin Publishing Group,
9780857206473,The 7 Habits Of Highly Effective Teenagers,Sean Covey,ePUB,16.99,16.99,0857206478,2011-03-31,Simon & Schuster UK,288
9780141919959,Nineteen Eighty-Four,"George Orwell, Thomas Pynchon (Introduction by)",ePUB,10.99,10.99,0141919957,2004-01-29,Penguin Books Ltd,400
9781310839696,The King's Men,Nora Sakavic,ePUB,1.43,1.43,1310839697,2015-05-19,Nora Sakavic,
9780061949098,Book not found,,,,,,,,
9780307978882,I'm a T. Rex!,"Dennis R. Shealy, Brian Biggs (Illustrator)",ePUB,8.79,7.99,0307978885,2012-04-25,Random House Children's Books,
9780230770072,Book not found,,,,,,,,
9780486114750,Dracula,Bram Stoker,ePUB,1.45,1.45,0486114759,2012-02-06,Dover Publications,336
9781405935166,Lucy Sullivan is Getting Married British Book Awards Author of the Year 2022,Marian Keyes,ePUB,15.99,15.99,1405935162,2017-07-13,Penguin Books Ltd,672
9780141941448,The Beach,Alex Garland,ePUB,15.99,15.99,0141941448,2007-07-05,Penguin Books Ltd,448
9780575087309,The Green Mile The iconic horror masterpiece,Stephen King,ePUB,13.99,13.99,0575087307,2010-11-25,Orion,448
9780553904567,Persuasion,Jane Austen,ePUB,3.99,3.99,0553904566,2008-01-29,Random House Publishing Group,
9780857389572,The Crowded Grave Bruno deals with murder and mayhem in rural France,Martin Walker,ePUB,11.99,11.99,0857389572,2011-10-29,Quercus,320
9781405914895,Eeny Meeny DI Helen Grace 1,M. J. Arlidge,ePUB,15.99,15.99,1405914890,2014-05-08,Penguin Books Ltd,464
9780141922324,Tao Te Ching,"Lao Tzu, D. C. Lau (Translator)",ePUB,10.99,10.99,014192232X,2000-01-01,Penguin Books Ltd,192
9780393069211,Book not found,,,,,,,,
9780544859562,The Cake Bible,Rose Levy Beranbaum,ePUB,42.99,42.99,0544859561,2016-09-06,HarperCollins,560
9780307538376,Midnight in the Garden of Good and Evil,John Berendt,ePUB,25.7,20.99,0307538370,2010-05-12,Knopf Doubleday Publishing Group,
9780755399604,A Liverpool Legacy An unexpected tragedy forces a family to fight for survival,Anne Baker,Paperback,27.75,27.75,0755399609,2014-06-05,Headline,384
9781407059198,The Rainmaker A gripping crime thriller from the Sunday Times bestselling author of mystery and suspense,John Grisham,ePUB,15.99,15.99,140705919X,2010-04-21,Random House,720
9780571247035,The Murder Room The classic locked-room murder mystery from the 'Queen of English crime' (Guardian),P. D. James,ePUB,14.29,12.99,0571247032,2008-09-04,Faber & Faber,320
9781302013769,Thor God Of Thunder Vol. 1 - The God Butcher,"Jason Aaron, Esad Ribic (Illustrator)",ePUB,13.19,10.99,1302013769,2014-04-02,Marvel Entertainment,
9781409106968,Fatal Cut,June Hampson,ePUB,11.99,11.99,1409106969,2009-04-16,Orion,320
9780141938332,The Queen and I,Sue Townsend,ePUB,15.99,15.99,0141938331,2002-11-28,Penguin Books Ltd,288
9780230760387,Book not found,,,,,,,,
9780141357041,All the Bright Places,Jennifer Niven,ePUB,12.99,12.99,0141357045,2015-01-08,Penguin Random House Children's UK,300
9781101533475,The Prize,Julie Garwood,ePUB,17.14,13.99,1101533471,2011-07-05,Penguin Publishing Group,1
9780857384416,Born Fearless From Kids' Home to SAS to Pirate Hunter - My Life as a Shadow Warrior,Phil Campion,ePUB,12.99,12.99,0857384414,2011-09-25,Quercus,352
9780141908731,Alone in Berlin,"Hans Fallada, Michael Hofmann (Translator)",ePUB,15.99,15.99,0141908734,2010-01-28,Penguin Books Ltd,608
9780316310338,Book not found,,,,,,,,
9780241979075,Exit West A BBC 2 Between the Covers Book Club Pick - Booker Prize Gems,Mohsin Hamid,ePUB,15.99,15.99,0241979072,2017-03-02,Penguin Books Ltd,240
9780748123056,Let's Explore Diabetes With Owls,David Sedaris,ePUB,12.99,12.99,0748123059,2013-04-23,"Little, Brown Book Group",288
9781407035321,Night Watch Discworld Novel : Book 29,Terry Pratchett,ePUB,15.99,15.99,1407035320,2009-12-01,Transworld,480
9780748122660,Safe Haven ,Nicholas Sparks,ePUB,11.99,11.99,0748122664,2010-09-02,"Little, Brown Book Group",320
9780307778086,The Autobiography of Saint Therese The Story of a Soul,John Beevers (Translator),ePUB,22.01,17.99,0307778088,2011-01-26,Random House Publishing Group,
9780141396217,The Bhagavad Gita,Laurie L. Patton (Translator),ePUB,14.99,14.99,0141396210,2014-05-01,Penguin Books Ltd,288
9780698151529,My Mother's Secret A Novel Based on a True Holocaust Story,J.L. Witterick,ePUB,23.99,19.99,0698151526,2013-09-05,Penguin Publishing Group,208
9780141929682,The Language Instinct How the Mind Creates Language,Steven Pinker,ePUB,16.99,16.99,0141929685,2003-02-27,Penguin Books Ltd,496
9781101904190,Book not found,,,,,,,,
9781405525855,Ancillary Sword Imperial Radch: Book 2,Ann Leckie,ePUB,11.99,11.99,1405525851,2014-10-07,"Little, Brown Book Group",384
9780759509771,Harriet Tubman The Road to Freedom,Catherine Clinton,ePUB,21.99,21.99,0759509778,2004-02-02,"Little, Brown and Company",300
9780241258750,The Art of Statistics Learning from Data,David Spiegelhalter,ePUB,15.99,15.99,0241258758,2019-03-28,Penguin Books Ltd,256
9780759520844,Healing Back Pain The Mind-Body Connection,John E. Sarno,ePUB,12.99,12.99,0759520844,2001-03-15,Grand Central Publishing,300
9780755355976,A Walk In The Park,Jill Mansell,ePUB,12.99,12.99,0755355970,2012-02-16,Headline,362
9780768448887,Redeeming Your Bloodline Foundations For Breaking Generational Curses From the Courts of Heaven,Hrvoje Sirovina,Paperback,32.63,32.63,0768448883,2019-05-01,SOUND WISDOM,224
9781407039657,"The Lollipop Shoes (Chocolat 2) The delightful bestselling sequel to Chocolat, from the international multi-million copy selling author",Joanne Harris,ePUB,15.99,15.99,1407039652,2010-07-06,Transworld,592
9781405919227,Liar Liar DI Helen Grace 4,M. J. Arlidge,ePUB,15.99,15.99,1405919221,2015-09-10,Penguin Books Ltd,314
9780755118519,Book not found,,,,,,,,
9780141908328,A Clockwork Orange,"Anthony Burgess, Blake Morrison (Introduction by)",ePUB,15.99,15.99,0141908327,2011-08-04,Penguin Books Ltd,176
9780241979457,10 Minutes 38 Seconds in this Strange World SHORTLISTED FOR THE BOOKER PRIZE 2019,Elif Shafak,ePUB,15.99,15.99,0241979455,2019-06-06,Penguin Books Ltd,368
9781250198600,Midnight at the Blackbird Cafe A Novel,Heather Webber,ePUB,19.5,15.99,1250198607,2019-07-16,Tor Publishing Group,
9780753553176,The 2020 Commission Report on the North Korean Nuclear Attacks Against The United States,Dr Jeffrey Lewis,ePUB,15.99,15.99,0753553171,2018-08-07,Ebury Publishing,304
9780715335543,Book not found,,,,,,,,
9780141985947,"The Scottish Clearances A History of the Dispossessed, 1600-1900",T. M. Devine,ePUB,15.99,15.99,0141985941,2018-10-04,Penguin Books Ltd,400
9781401919276,Ask and It Is Given Learning to Manifest Your Desires,"Esther Hicks, Jerry Hicks, Dr. Wayne W. Dyer (Foreword by)",ePUB,18.34,14.99,1401919278,2004-10-01,Hay House,314
9780141991757,No One Is Too Small to Make a Difference,Greta Thunberg,ePUB,14.99,14.99,0141991755,2019-05-30,Penguin Books Ltd,80
9780141910338,Gypsy,Lesley Pearse,ePUB,15.99,15.99,014191033X,2008-07-14,Penguin Books Ltd,544
9780393712384,The Polyvagal Theory in Therapy Engaging the Rhythm of Regulation (Norton Series on Interpersonal Neurobiology),Deb Dana,ePUB,51.34,41.99,0393712389,2018-06-12,W. W. Norton & Company,
9780761148425,How to Make People Like You in 90 Seconds or Less,Nicholas Boothman,ePUB,19.99,19.99,0761148426,2008-07-02,Workman Publishing Company,203
9781310198373,Quran In English. Modern English Translation. Clear and Easy to Understand.,Talal Itani,ePUB,,,1310198373,2015-05-17,Talal Itani,
9780356511511,The Gutter Prayer Book One of the Black Iron Legacy,Gareth Hanrahan,ePUB,12.99,12.99,0356511510,2019-01-15,"Little, Brown Book Group",544
9780761165590,Book not found,,,,,,,,
9780307426758,Astrology for the Soul,Jan Spiller,ePUB,25.7,20.99,0307426750,2009-11-04,Random House Publishing Group,
9780141904160,The Closed Circle 'As funny as anything Coe has written' The Times Literary Supplement,Jonathan Coe,ePUB,15.99,15.99,014190416X,2008-05-19,Penguin Books Ltd,448
9781407135281,Book not found,,,,,,,,
9780141964591,Where Good Ideas Come From The Natural History of Innovation,Steven Johnson,ePUB,15.99,15.99,0141964596,2010-10-07,Penguin Books Ltd,336
9780997720105,Claiming the Dragon King,Amelia Hutchins,ePUB,6.99,6.99,0997720107,2018-07-10,Amelia Hutchins,
9780241192061,Book not found,,,,,,,,
9780670923090,"The Boy with the Topknot A Memoir of Love, Secrets and Lies",Sathnam Sanghera,ePUB,15.99,15.99,0670923095,2012-11-29,Penguin Books Ltd,336
9780857081025,The Art of War The Ancient Classic,"Sun Tzu, Tom Butler-Bowdon (Introduction by)",ePUB,16.99,16.99,0857081020,2016-05-16,Wiley,220
9780753549063,"Lean In Women, Work, and the Will to Lead",Sheryl Sandberg,ePUB,18.99,18.99,0753549069,2013-03-12,Ebury Publishing,240
9780141965550,The Lost Hero (Heroes of Olympus Book 1),Rick Riordan,ePUB,9.99,9.99,014196555X,2010-10-12,Penguin Random House Children's UK,576
9780141909653,The Other Side of the Story,Marian Keyes,ePUB,15.99,15.99,014190965X,2005-03-10,Penguin Books Ltd,656
9780755351473,Another Woman A dazzlingly addictive story of family secrets... with a breathtaking twist,Penny Vincenzi,ePUB,12.99,12.99,0755351479,2008-09-04,Headline,640
9780141959856,Titmuss Regained,John Mortimer,ePUB,15.99,15.99,0141959851,2010-11-04,Penguin Books Ltd,272
9781306291859,Book not found,,,,,,,,
9780141905570,Thin,Grace Bowman,ePUB,18.99,18.99,0141905573,2007-01-25,Penguin Books Ltd,304
9780755384761,Shadow of Night All Souls : Book 2,Deborah Harkness,ePUB,13.99,13.99,0755384768,2012-07-10,Headline,605
9780748117468,Lover Mine Number 8 in series,J. R. Ward,ePUB,11.99,11.99,0748117466,2010-05-06,"Little, Brown Book Group",544
9780804179041,Book not found,,,,,,,,
9781407011349,Going Dutch,Katie Fforde,ePUB,15.99,15.99,1407011340,2010-12-07,Random House,432
9780307414250,Book not found,,,,,,,,
9780730363996,Book not found,,,,,,,,
9780755387052,1st to Die,James Patterson,ePUB,12.99,12.99,0755387058,2011-06-23,Headline,375
9781407068060,Night Frost (DI Jack Frost Book 3),R D Wingfield,ePUB,15.99,15.99,1407068067,2010-04-27,Transworld,432
9780241986233,Notes to Self,Emilie Pine,ePUB,15.99,15.99,0241986230,2019-01-31,Penguin Books Ltd,192
9780547607955,The French Slow Cooker,"Michele Scicolone, Alan Richardson",ePUB,39.59,31.99,0547607954,2024-04-16,HarperCollins,240
9780241361863,Dear Evan Hansen,"Val Emmich, Justin Paul, Steven Levenson, Benj Pasek",ePUB,12.99,12.99,0241361869,2018-10-09,Penguin Random House Children's UK,368
9780141900940,Hope,Lesley Pearse,ePUB,15.99,15.99,0141900946,2007-01-11,Penguin Books Ltd,688
9780330469289,Book not found,,,,,,,,
9780241352533,A Short History of Europe From Pericles to Putin,Simon Jenkins,ePUB,15.99,15.99,0241352533,2018-11-08,Penguin Books Ltd,400
9780141941295,"Arnhem The Battle for the Bridges, 1944: The Sunday Times No 1 Bestseller",Antony Beevor,ePUB,14.99,14.99,0141941294,2018-05-17,Penguin Books Ltd,496
9781108337519,There Is No Planet B A Handbook for the Make or Break Years,Mike Berners-Lee,PDF,18.95,18.95,1108337511,2019-02-28,Cambridge University Press,
9780241974933,Paradise Lodge Hilarity and pure escapism from a true British wit,Nina Stibbe,ePUB,15.99,15.99,0241974933,2016-06-02,Penguin Books Ltd,320
9780717155651,Strumpet City Bestselling Irish novel with an introduction by Fintan O'Toole,James Plunkett,ePUB,8.99,8.99,071715565X,2013-02-22,Gill Books,560
9781281371973,Book not found,,,,,,,,
9780297857440,Book not found,,,,,,,,
9780316448284,"I've Been Killing Slimes for 300 Years and Maxed Out My Level, Vol. 1","Kisetsu Morita, Benio",ePUB,17.6,16.99,0316448281,2018-04-24,Yen Press,
9780241963913,"Mr Loverman From the Booker prize-winning author of Girl, Woman, Other",Bernardine Evaristo,ePUB,15.99,15.99,0241963915,2013-08-29,Penguin Books Ltd,288
9780307422316,Book not found,,,,,,,,
9780307514929,The Bridge at Remagen A Story of World War II,Ken Hechler,ePUB,10.27,9.99,0307514927,2009-03-25,Random House Publishing Group,
9780241322499,A Perfect Spy,John le Carré,ePUB,15.99,15.99,0241322499,2018-09-27,Penguin Books Ltd,688
9781405525961,Blood Song Book 1 of Raven's Shadow,Anthony Ryan,ePUB,12.99,12.99,1405525967,2013-04-11,"Little, Brown Book Group",592
9780755350858,The Eagle and the Wolves (Eagles of the Empire 4) Cato & Macro: Book 4,Simon Scarrow,ePUB,12.99,12.99,0755350855,2008-09-04,Headline,448
9780748110001,Excession Culture: Book 5,Iain M. Banks,ePUB,12.99,12.99,0748110003,2008-09-04,"Little, Brown Book Group",464
9780718197292,Brothers York An English Tragedy,Thomas Penn,ePUB,19.99,19.99,0718197291,2019-10-03,Penguin Books Ltd,640
9780141962900,The Secret Diary of Adrian Mole Aged 13 ¾,Sue Townsend,ePUB,9.99,9.99,0141962909,2009-11-05,Penguin Random House Children's UK,272
9781101155646,The Girl On Legare Street,Karen White,ePUB,10.27,9.99,1101155647,2009-11-03,Penguin Publishing Group,
9780857191410,How I Made $2 Million in the Stock Market The Darvas system for stock market profits,Nicolas Darvas,ePUB,21.99,20.99,0857191411,2020-03-27,Harriman House,198
9780748133833,The Summer Queen A loving mother. A betrayed wife. A queen beyond compare.,Elizabeth Chadwick,ePUB,12.99,12.99,0748133836,2013-06-20,"Little, Brown Book Group",496
9780307351487,Book not found,,,,,,,,
9781370046782,Hellion,Karen Lynch,ePUB,6.87,6.87,1370046782,2019-01-08,Karen Lynch,
9780755384839,You Can't Hide (The Chicago Series Book 4),Karen Rose,Paperback,22.75,22.75,0755384830,2015-07-02,Headline Publishing Group,448
9780307388629,Book not found,,,,,,,,
9780307483690,Book not found,,,,,,,,
9780330527989,Book not found,,,,,,,,
9780307887290,Our Man in Charleston Britain's Secret Agent in the Civil War South,Christopher Dickey,ePUB,25.7,20.99,0307887294,2015-07-21,Crown,
9780748109500,Postmortem,Patricia Cornwell,ePUB,12.99,12.99,0748109501,2008-09-04,"Little, Brown Book Group",416
9780989768412,Hardwired,Meredith Wild,Paperback,22.17,21.75,0989768414,2015-01-24,WATERHOUSE PR                 ,288
9780241376935,One Of Us Is Next TikTok made me buy it,Karen M. McManus,ePUB,9.99,9.99,0241376939,2020-01-09,Penguin Random House Children's UK,308
9780748113347,The Blind Assassin,Margaret Atwood,ePUB,11.99,11.99,0748113347,2009-09-03,"Little, Brown Book Group",656
9780804151429,Alaska A Novel,"James A. Michener, Steve Berry (Introduction by)",ePUB,27.42,21.99,0804151423,2013-12-17,Random House Publishing Group,
9780755351879,Solo,Jill Mansell,ePUB,11.99,11.99,0755351878,2008-02-10,Headline,300
9780755373277,The Hand That First Held Mine,Maggie O'Farrell,ePUB,11.99,11.99,0755373278,2010-04-29,Headline,352
9780748109586,The Body Farm,Patricia Cornwell,ePUB,11.99,11.99,0748109587,2008-09-04,"Little, Brown Book Group",400
9780748121960,Welcome To Rosie Hopkins' Sweetshop Of Dreams,Jenny Colgan,ePUB,12.99,12.99,074812196X,2012-03-29,"Little, Brown Book Group",400
9781407059044,The Firm The gripping bestseller that came before The Exchange,John Grisham,ePUB,15.99,15.99,1407059041,2010-04-21,Random House,496
9780755350803,The Eagle In The Sand (Eagles of the Empire 7) Cato & Macro: Book 7,Simon Scarrow,ePUB,12.99,12.99,0755350804,2008-09-04,Headline,448
9780748114337,Raise the Titanic,Clive Cussler,ePUB,11.99,11.99,0748114335,2009-09-17,"Little, Brown Book Group",320
9781401920524,"Change Your Thoughts, Change Your Life Living the Wisdom of the Tao",Dr. Wayne W. Dyer,ePUB,19.06,15.99,1401920527,2007-07-31,Hay House,395
9780141909820,Last Chance Saloon,Marian Keyes,ePUB,15.99,15.99,014190982X,2005-07-07,Penguin Books Ltd,608
9780356503837,Book not found,,,,,,,,
9781393487326,Book not found,,,,,,,,
9781405528252,The First Fifteen Lives of Harry August ,Claire North,ePUB,11.99,11.99,1405528257,2014-04-08,"Little, Brown Book Group",416
9781405515665,The Sword Of Shannara The first novel of the original Shannara Trilogy,Terry Brooks,ePUB,12.99,12.99,140551566X,2012-02-23,"Little, Brown Book Group",672
9781101985007,The Dollhouse A Novel,Fiona Davis,ePUB,23.99,19.99,1101985003,2016-08-23,Penguin Publishing Group,
9781119278979,The Leadership Challenge How to Make Extraordinary Things Happen in Organizations,"James M. Kouzes, Barry Z. Posner",ePUB,41.79,41.79,111927897X,2017-03-30,Wiley Professional Development (P&T),
9780748117383,A Pound Of Flesh Book 9 in the Sunday Times bestselling detective series,Alex Gray,ePUB,12.99,12.99,0748117385,2012-03-01,"Little, Brown Book Group",352
9780755322824,Stardust ,Neil Gaiman,Paperback,22.99,19.25,0755322827,1999-05-01,Headline,214
9780141972091,The Boundless Sea A Human History of the Oceans,David Abulafia,ePUB,19.99,19.99,0141972092,2019-10-03,Penguin Books Ltd,512
9780141190761,The Lady in the Lake and Other Novels,Raymond Chandler,ePUB,16.99,16.99,0141190760,2001-06-07,Penguin Books Ltd,608
9780141970257,Blue Monday A Frieda Klein Novel,Nicci French,ePUB,15.99,15.99,0141970251,2011-06-23,Penguin Books Ltd,432
9780857899644,Masters of Rome VESPASIAN V,Robert Fabbri,ePUB,9.49,8.99,0857899643,2014-08-07,Corvus,300
9780748122769,Book not found,,,,,,,,
9781370005321,Book not found,,,,,,,,
9780316247184,"Our Band Could Be Your Life Scenes from the American Indie Underground, 1981-1991",Michael Azerrad,ePUB,25.99,25.99,0316247189,2012-12-01,"Little, Brown and Company",528
9780141960241,Book not found,,,,,,,,
9780141925325,Any Human Heart A BBC Two Between the Covers pick,William Boyd,ePUB,15.99,15.99,0141925329,2003-03-06,Penguin Books Ltd,512
9780141956961,Crime and Punishment Penguin Classics,"Fyodor Dostoevsky, Oliver Ready (Translator)",ePUB,10.99,10.99,0141956968,2014-02-27,Penguin Books Ltd,720
9780062368683,Book not found,,,,,,,,
9780061911491,Hunger A Gone Novel,Michael Grant,ePUB,13.99,13.99,0061911496,2009-05-26,HarperCollins,608
9781370085170,Book not found,,,,,,,,
9780061802638,Book not found,,,,,,,,
9780241988794,The Catcher in the Rye,J. D. Salinger,ePUB,15.99,15.99,0241988799,2019-08-13,Penguin Books Ltd,240
9780748111466,Bloodline,Mark Billingham,ePUB,12.99,12.99,0748111468,2009-08-06,"Little, Brown Book Group",352
9780141962016,The Rule of Law,Rt Hon Lord Bingham of Cornhill KG PC FBA Tom Bingham,ePUB,15.99,15.99,0141962011,2011-07-07,Penguin Books Ltd,224
9780330468565,Book not found,,,,,,,,
9780141929552,A Moment of War,Laurie Lee,ePUB,15.99,15.99,0141929553,2000-01-01,Penguin Books Ltd,192
9780571357048,March of the Lemmings Brexit in Print and Performance 2016-2019,Stewart Lee,ePUB,18.69,15.99,0571357040,2019-09-03,Faber & Faber,324
9780743483308,Path of the Assassin Scot Harvath : Book 2,Brad Thor,ePUB,9.99,9.99,0743483308,2003-04-15,Atria Books,384
9780857896315,The Case of the Missing Boyfriend,Nick Alexander,ePUB,5.99,5.99,0857896318,2011-08-01,Corvus,200
9781405522779,The Collector ,Nora Roberts,ePUB,11.99,11.99,1405522771,2014-04-15,"Little, Brown Book Group",496
9781250175816,The Deceivers,Kristen Simmons,ePUB,14.95,11.99,125017581X,2019-02-05,Tor Publishing Group,
9780735214163,Profit First Transform Your Business from a Cash-Eating Monster to a Money-Making Machine,Mike Michalowicz,ePUB,29.14,23.99,0735214166,2017-01-18,Penguin Publishing Group,
9780748110049,Matter Culture: Book 8,Iain M. Banks,ePUB,12.99,12.99,0748110046,2008-09-04,"Little, Brown Book Group",608
9780141963792,If Beale Street Could Talk,James Baldwin,ePUB,15.99,15.99,0141963794,2000-01-01,Penguin Books Ltd,240
9780307792419,Caves of Steel,Isaac Asimov,ePUB,13.19,10.99,0307792412,2011-04-13,Random House Publishing Group,
9780241341049,Everything is Figureoutable The #1 New York Times Bestseller,Marie Forleo,ePUB,4.99,4.99,0241341043,2019-09-12,Penguin Books Ltd,240
9781405934633,The Glass Woman,Caroline Lea,ePUB,15.99,15.99,1405934638,2019-02-07,Penguin Books Ltd,464
9780486113708,The Elements of Style The Original Edition,William Strunk Jr.,ePUB,5.8,5.8,0486113701,2012-03-07,Dover Publications,64
9780356511078,The Labyrinth Index A Laundry Files Novel,Charles Stross,ePUB,12.99,12.99,0356511073,2018-10-30,"Little, Brown Book Group",368
9780751564150,Billy Connolly's Tracks Across America,Billy Connolly,ePUB,19.99,19.99,075156415X,2016-03-31,"Little, Brown Book Group",288
9780759574731,Book not found,,,,,,,,
9781306020275,Book not found,,,,,,,,
9780748123032,Me Talk Pretty One Day,David Sedaris,ePUB,12.99,12.99,0748123032,2010-08-05,"Little, Brown Book Group",288
9780330507073,Book not found,,,,,,,,
9781405527583,The Bones Beneath,Mark Billingham,ePUB,11.99,11.99,1405527587,2014-05-22,"Little, Brown Book Group",400
9780241334225,Brain Freeze World Book Day 2018,Tom Fletcher,ePUB,1.99,1.99,0241334225,2018-02-22,Penguin Random House Children's UK,112
9780061947438,"Mere Christianity A Revised and Amplified Edition, With a New Introduction, of the Three Books, Broadcast Talks, Christian Behaviour, and Beyond Personality",C. S. Lewis,ePUB,5.99,5.99,0061947431,2009-06-02,HarperCollins,256
9780007328918,A Winter's Tale A festive winter read from the bestselling Queen of Christmas romance,Trisha Ashley,ePUB,9.99,9.99,0007328915,2009-05-29,HarperCollins Publishers,416
9781407004563,A Mother's Courage,Dilly Court,ePUB,15.99,15.99,1407004565,2008-09-04,Random House,544
9780755389506,One Cretan Evening and Other Stories,Victoria Hislop,ePUB,3.99,3.99,0755389506,2011-09-15,Headline,72
9780297864547,The Hairy Bikers' 12 Days of Christmas Fabulous Festive Recipes to Feed Your Family and Friends,Hairy Bikers,ePUB,19.99,19.99,0297864548,2010-12-02,Orion,224
9780748132034,Quite Ugly One Morning,Christopher Brookmyre,ePUB,11.99,11.99,0748132031,2011-06-16,"Little, Brown Book Group",320
9780748121779,Immortal in Death In Death: Book 3,J.D. Robb,ePUB,11.99,11.99,0748121773,2010-10-07,"Little, Brown Book Group",352
9780316310444,Book not found,,,,,,,,
9780241969564,The Tea Planter's Wife The mesmerising escapist historical romance that became a No.1 Sunday Times bestseller,Dinah Jefferies,ePUB,15.99,15.99,0241969565,2015-09-03,Penguin Books Ltd,386
9780755357208,The Legion (Eagles of the Empire 10) Cato & Macro: Book 10,Simon Scarrow,ePUB,12.99,12.99,0755357205,2010-11-11,Headline,448
9780571339150,Ayoade on Top,Richard Ayoade,ePUB,14.29,12.99,0571339158,2019-09-03,Faber & Faber,256
9780575097599,Rivers of London Book 1 in the #1 bestselling Rivers of London series,Ben Aaronovitch,ePUB,11.99,11.99,0575097590,2011-01-10,Orion,384
9780241243688,Village Christmas And Other Notes on the English Year,Laurie Lee,ePUB,14.99,14.99,0241243688,2015-11-05,Penguin Books Ltd,200
9780062982735,Book not found,,,,,,,,
9781405928571,Into the Fire,Gregg Hurwitz,ePUB,15.99,15.99,1405928573,2020-02-20,Penguin Books Ltd,400
9780753549049,The Bracelet Erotic Romance,Fredrica Alleyn,ePUB,16.99,16.99,0753549042,2013-04-11,Ebury Publishing,320
9780141964072,Belle,Lesley Pearse,ePUB,15.99,15.99,0141964073,2011-02-03,Penguin Books Ltd,624
9780141386041,Revolting Rhymers Competition Winners,Quentin Blake (Illustrator),ePUB,,,0141386045,2017-02-06,Penguin Random House Children's UK,32
9780748129454,Rafa My Story,"Rafael Nadal, John Carlin",ePUB,12.99,12.99,0748129456,2011-08-18,"Little, Brown Book Group",320
9780141939230,White Teeth,Zadie Smith,ePUB,15.99,15.99,0141939230,2001-01-25,Penguin Books Ltd,560
9781401944865,You Are the Placebo Making Your Mind Matter,Dr. Joe Dispenza,ePUB,27.86,22.99,1401944868,2014-04-29,Hay House,
9780241981368,"An Almost Perfect Christmas A hilarious Christmas read from bestselling author of Love, Nina",Nina Stibbe,ePUB,15.99,15.99,0241981360,2017-11-02,Penguin Books Ltd,176
9781370912865,Book not found,,,,,,,,
9781473573222,The Children's Block Based on a true story by an Auschwitz survivor,Otto B Kraus,ePUB,15.99,15.99,147357322X,2019-10-17,Ebury Publishing,320
9780241404171,How Not to Be a Professional Racing Driver,Jason Plato,ePUB,14.99,14.99,0241404177,2019-09-19,Penguin Books Ltd,304
9780547249643,1984,George Orwell,ePUB,9.99,9.99,0547249640,2013-09-03,HarperCollins,
9780544187610,The Paleo Diet Revised Lose Weight and Get Healthy by Eating the Foods You Were Designed to Eat,Loren Cordain,ePUB,29.69,23.99,054418761X,2024-02-27,HarperCollins,288
9780230768130,Book not found,,,,,,,,
9780330473323,Book not found,,,,,,,,
9780307792419,Caves of Steel,Isaac Asimov,ePUB,13.19,10.99,0307792412,2011-04-13,Random House Publishing Group,
9781405909969,Billy and Me,Giovanna Fletcher,ePUB,15.99,15.99,140590996X,2013-05-23,Penguin Books Ltd,416
9780830844135,John The Gospel of Wisdom,Michael Card,Paperback,37.07,37.07,0830844139,2014-07-14,INTER VARSITY PR              ,237
9781387629923,Book not found,,,,,,,,
9781407035284,Thief Of Time (Discworld Novel 26),Terry Pratchett,ePUB,15.99,15.99,1407035282,2008-10-09,Transworld,432
9781405912990,On Dublin Street,Samantha Young,ePUB,15.99,15.99,1405912995,2012-10-25,Penguin Books Ltd,416
9780842313940,Hinds' Feet on High Places,Hannah Hurnard,Hardcover,28.99,26.25,084231394X,1986-07-25,TYNDALE PUB                   ,320
9780842384896,Book not found,,,,,,,,
9780307414144,Book not found,,,,,,,,
9780992984915,"Dominic Slater Brothers, #1",L.A. Casey,ePUB,4.99,4.99,0992984912,2016-03-13,?L.A. Casey,
9780575091511,Before They Are Hanged : First Law First Law: Book Two,Joe Abercrombie,ePUB,12.99,12.99,0575091517,2009-06-18,Orion,592
9780141935386,Be As You Are The spiritual teachings and wisdom of Sri Ramana Maharshi,"David Godman, Sri Ramana Maharshi",ePUB,14.99,14.99,0141935383,2000-01-01,Penguin Books Ltd,272
9780241146422,Underland A Deep Time Journey,Robert Macfarlane,ePUB,16.99,16.99,0241146429,2019-05-02,Penguin Books Ltd,496
9780755374076,Goodnight Lady A compelling thriller of power and corruption,Martina Cole,Paperback,24.99,21.75,075537407X,2011-01-01,Headline,832
9781407034737,Moving Pictures (Discworld Novel 10),Terry Pratchett,ePUB,15.99,15.99,1407034731,2009-05-27,Transworld,400
9780768403053,Gateway to the Seer Realm Look Again to See Beyond the Natural,Barbie Breathitt,Paperback,32.63,32.63,0768403057,2012-08-21,DESTINY IMAGE INC             ,316
9781405914970,Pop Goes the Weasel DI Helen Grace 2,M. J. Arlidge,ePUB,15.99,15.99,1405914971,2014-09-11,Penguin Books Ltd,464
9780765377081,The Dark Forest,"Cixin Liu, Joel Martinsen (Translator)",Hardcover,52.25,52.25,076537708X,2015-08-11,Tor Books,512
9780141903989,Giovanni's Room,"James Baldwin, Caryl Phillips (Introduction by)",ePUB,15.99,15.99,0141903988,2001-10-04,Penguin Books Ltd,176
9781311796653,Book not found,,,,,,,,
9780141909417,Book not found,,,,,,,,
9781407070742,A Mistletoe Kiss World War 2 Saga,Katie Flynn,ePUB,15.99,15.99,1407070746,2010-08-05,Random House,448
9780141923680,Book not found,,,,,,,,
9780141928982,Hornblower and the Crisis,C.S. Forester,ePUB,15.99,15.99,0141928980,2006-10-05,Penguin Books Ltd,176
9780141926100,Stalingrad,Antony Beevor,ePUB,15.99,15.99,0141926104,2007-10-04,Penguin Books Ltd,512
9781407034966,Interesting Times (Discworld Novel 17),Terry Pratchett,ePUB,14.99,14.99,1407034960,2008-12-05,Transworld,432
9780141905693,The Diary of a Nobody,"George Grossmith, Weedon Grossmith, Weedon Grossmith (Illustrator), Ed Glinert (Introduction by), Ed Glinert",ePUB,10.99,10.99,0141905697,2000-01-01,Penguin Books Ltd,256
9781250303554,Permafrost,Alastair Reynolds,ePUB,6.22,5.99,1250303559,2019-03-19,Tor Publishing Group,
9781405923590,The Woman Who Walked into the Sea,Mark Douglas-Home,ePUB,15.99,15.99,1405923598,2016-01-14,Penguin Books Ltd,336
9781408820858,Kitchen Confidential,Anthony Bourdain,ePUB,19.99,17.99,1408820854,2010-12-20,Bloomsbury Publishing,336
9780463208823,Bless Her Dead Heart,Meg Collett,ePUB,1.39,1.39,046320882X,2019-07-24,Meg Collett,
9780748122868,The Enemy (Victor the Assassin 2),Tom Wood,ePUB,16.99,16.99,0748122869,2012-03-13,"Little, Brown Book Group",400
9780141929569,A Wrinkle in Time,Madeleine L'Engle,ePUB,9.99,9.99,0141929561,2007-11-01,Penguin Random House Children's UK,208
9780571328277,The Legend of Podkin One-Ear WINNER - BLUE PETER BOOK AWARD,"Kieran Larwood, David Wyatt (Illustrator)",ePUB,10.99,9.99,057132827X,2016-10-04,Faber & Faber,288
9780141347738,Book not found,,,,,,,,
9780141933412,A Spell of Winter WINNER OF THE WOMEN'S PRIZE FOR FICTION,Helen Dunmore,ePUB,15.99,15.99,0141933410,2007-10-25,Penguin Books Ltd,320
9780385539265,Book not found,,,,,,,,
9781407034690,Guards! Guards! (Discworld Novel 8),Terry Pratchett,ePUB,14.99,14.99,1407034693,2008-12-16,Transworld,432
9780241322536,Smiley's People George Smiley: Book 7,John le Carré,ePUB,15.99,15.99,0241322537,2018-09-27,Penguin Books Ltd,464
9780759520844,Healing Back Pain The Mind-Body Connection,John E. Sarno,ePUB,12.99,12.99,0759520844,2001-03-15,Grand Central Publishing,300
9780141369709,Jolly Foul Play A Murder Most Unladylike Mystery,Robin Stevens,ePUB,9.99,9.99,0141369701,2016-03-24,Penguin Random House Children's UK,336
9780857203090,"One by One A brilliant serial killer thriller, featuring the unstoppable Robert Hunter",Chris Carter,ePUB,16.99,16.99,0857203096,2013-08-15,Simon & Schuster UK,512
9780761187042,The Complete Book of Chalk Lettering Create and Develop Your Own Style - INCLUDES 3 BUILT-IN CHALKBOARDS,Valerie McKeehan,ePUB,23.99,23.99,0761187049,2015-10-06,Workman Publishing Company,144
9781405523127,Cross and Burn Tony Hill & Carol Jordan: Book 8,Val McDermid,ePUB,11.99,11.99,1405523123,2013-10-10,"Little, Brown Book Group",448
9781405943147,"Ask Again, Yes The gripping, emotional and life-affirming New York Times bestseller",Mary Beth Keane,ePUB,15.99,15.99,1405943149,2019-08-08,Penguin Books Ltd,400
9780834821033,Book not found,,,,,,,,
9780307416315,Book not found,,,,,,,,
9781409021315,Lustrum From the Sunday Times bestselling author,Robert Harris,ePUB,15.99,15.99,1409021319,2010-09-07,Random House,464
9780748129027,What's Tha Up To? Memories of a Yorkshire Bobby,Martyn Johnson,ePUB,12.99,12.99,0748129022,2011-09-15,"Little, Brown Book Group",192
9780141969183,Me Before You The Number One Bestseller,Jojo Moyes,ePUB,15.99,15.99,0141969180,2012-01-02,Penguin Books Ltd,528
9780748110612,The No. 1 Ladies' Detective Agency No. 1 Ladies Detective Agency: Book 1,Alexander McCall Smith,ePUB,11.99,11.99,0748110615,2008-10-02,"Little, Brown Book Group",256
9780230757073,Book not found,,,,,,,,
9780698198586,Book not found,,,,,,,,
9780748112883,Princeps' Fury The Codex Alera: Book Five,Jim Butcher,ePUB,11.99,11.99,074811288X,2009-12-03,"Little, Brown Book Group",512
9781310928338,Pathfinder's Way,T.A. White,ePUB,4.15,4.15,1310928339,2016-04-20,T.A. White,
9780765376732,Book not found,,,,,,,,
9780994865137,Book not found,,,,,,,,
9780743273565,The Great Gatsby,F. Scott Fitzgerald,Paperback,30.25,30.25,0743273567,2004-10-01,SCRIBNER BOOKS CO             ,180
9780061739255,Book not found,,,,,,,,
9780061804038,Barbarians at the Gate The Fall of RJR Nabisco,"Bryan Burrough, John Helyar",ePUB,6.99,6.99,0061804037,2009-10-13,HarperCollins,624
9781407070049,Bones to Ashes (Temperance Brennan 10),Kathy Reichs,ePUB,15.99,15.99,1407070045,2010-04-27,Random House,464
9780547345901,The Giver A Newbery Award Winner,Lois Lowry,ePUB,5.99,5.99,0547345909,2000-01-01,HarperCollins,192
9781282547674,Book not found,,,,,,,,
9781328662088,Book not found,,,,,,,,
9780241383117,Bad Behavior,Mary Gaitskill,ePUB,15.99,15.99,0241383110,2019-05-02,Penguin Books Ltd,208
9780446179669,4th of July Women's Murder Club Series : Book 4,"James Patterson, Maxine Paetro",Paperback,36.4,36.4,0446179663,2008-07-01,GRAND CENTRAL PUBL            ,400
9781393267447,Book not found,,,,,,,,
9780060882662,Book not found,,,,,,,,
9780349401874,Air Bound Sisters of the Heart Series: Book Three,Christine Feehan,ePUB,7.99,7.99,034940187X,2014-05-27,"Little, Brown Book Group",400
9780230761230,Book not found,,,,,,,,
9780241977613,The Man Who Saw Everything,Deborah Levy,ePUB,15.99,15.99,0241977614,2019-08-29,Penguin Books Ltd,208
9780241984000,The Last The post-apocalyptic thriller that will keep you up all night,Hanna Jameson,ePUB,15.99,15.99,0241984009,2019-01-24,Penguin Books Ltd,352
9780755387069,2nd Chance,"James Patterson, Andrew Gross",ePUB,12.99,12.99,0755387066,2011-06-23,Headline,340
9780755385744,The Misfit An abandoned baby. A damaged child. A search for happiness.,Rosie Goodwin,ePUB,11.99,11.99,0755385748,2012-05-10,Headline,313
9781101533116,The Bride Lairds' Brides : Book 1,Julie Garwood,ePUB,17.14,13.99,1101533110,2011-06-07,Penguin Publishing Group,1
9780007327645,"Dead Beat (PI Kate Brannigan, Book 1)",Val McDermid,ePUB,12.99,12.99,0007327641,2009-05-22,HarperCollins Publishers,288
9780648324652,Demon's Dance,Keri Arthur,ePUB,6.99,6.99,0648324656,2019-02-12,KA Publishing PTY LTD,
9780230739161,Book not found,,,,,,,,
9781509865437,Book not found,,,,,,,,
9780141904108,Mrs Dalloway Penguin Classics,"Virginia Woolf, Stella McNichol (Editor), Elaine Showalter",ePUB,10.99,10.99,0141904100,2000-05-25,Penguin Books Ltd,288
9780141957074,"The End Germany, 1944-45",Ian Kershaw,ePUB,16.99,16.99,0141957077,2011-08-25,Penguin Books Ltd,592
9781405519229,The Casual Vacancy,J.K. Rowling,ePUB,12.99,12.99,1405519223,2012-09-27,"Little, Brown Book Group",480
9780230760653,Book not found,,,,,,,,
9780356500959,Cold Days Dresden Files : Book 14,Jim Butcher,Paperback,20.4,20.4,0356500950,2013-09-10,Little Brown,646
9780748124800,Shutter Island,Dennis Lehane,ePUB,11.99,11.99,0748124802,2010-10-21,"Little, Brown Book Group",304
9780755371365,Whatever It Takes The unputdownable hit from the Sunday Times bestselling author of BOTH OF YOU,Adele Parks,ePUB,12.99,12.99,0755371364,2012-06-21,Headline,377
9780007338672,"Sharpe's Gold The Destruction of Almeida, August 1810 (The Sharpe Series, Book 9)",Bernard Cornwell,ePUB,12.99,12.99,0007338678,2009-07-24,HarperCollins Publishers,304
9780141959238,The Ship,C.S. Forester,ePUB,15.99,15.99,0141959231,2006-10-05,Penguin Books Ltd,256
9780755373260,Silent Scream (The Minneapolis Series Book 2),Karen Rose,ePUB,11.99,11.99,075537326X,2010-05-13,Headline,544
9781301917099,Afghan Heat SAS Operations in Afghanistan,Steve Stone,ePUB,5.18,5.18,1301917095,2016-02-02,Digital Dreams Publishing,
9780691189970,Book not found,,,,,,,,
9780755384808,The Book of Life (All Souls 3),Deborah Harkness,ePUB,12.99,12.99,0755384806,2014-07-15,Headline,592
9781405909914,Dark Watch Oregon Files #3,"Clive Cussler, Jack du Brul",ePUB,14.99,14.99,1405909919,2012-07-05,Penguin Books Ltd,496
9780571323777,Grief Is the Thing with Feathers,Max Porter,ePUB,14.29,12.99,0571323774,2015-09-15,Faber & Faber,96
9780761168935,Keep Your Brain Alive 83 Neurobic Exercises to Help Prevent Memory Loss and Increase Mental Fitness,"Lawrence Katz, Manning Rubin",Paperback,20.25,20.25,0761168931,2014-06-02,Workman,204
9781250229786,Silver in the Wood,Emily Tesh,ePUB,6.22,5.99,1250229782,2019-06-18,Tor Publishing Group,
9780307414311,Book not found,,,,,,,,
9780804179041,Book not found,,,,,,,,
9780241398333,A Short History of Brexit From Brentry to Backstop,Kevin O'Rourke,ePUB,15.99,15.99,0241398339,2019-01-31,Penguin Books Ltd,320
9780007329052,Wedding Tiers,Trisha Ashley,ePUB,8.99,8.99,0007329059,2009-05-29,HarperCollins Publishers,416
9780241321942,Absolute Friends,John le Carré,ePUB,15.99,15.99,0241321948,2018-09-27,Penguin Books Ltd,464
9780575087491,Blood of Elves The bestselling novel which inspired season 2 of Netflix's The Witcher,"Andrzej Sapkowski, Danusia Stok (Translator)",ePUB,12.99,12.99,0575087498,2010-08-19,Orion,320
9781405519946,Promise of Blood Book 1 in the Powder Mage trilogy,Brian McClellan,ePUB,11.99,11.99,1405519940,2013-04-16,"Little, Brown Book Group",608
9780648264873,Book not found,,,,,,,,
9780141938264,A Dark-Adapted Eye,Barbara Vine,ePUB,15.99,15.99,0141938269,2009-05-07,Penguin Books Ltd,304
9780316230209,Book not found,,,,,,,,
9780141952000,Making Sense of the Troubles A History of the Northern Ireland Conflict,"David McKittrick, David McVea",ePUB,18.99,18.99,0141952008,2001-11-29,Penguin Books Ltd,416
9781310157202,Book not found,,,,,,,,
9781405944038,Ambush (Previously titled Blood Forest),Geraint Jones,ePUB,15.99,15.99,140594403X,2019-12-12,Penguin Books Ltd,400
9780575122796,Dune: The Gateway Collection The inspiration for the blockbuster film,Frank Herbert,ePUB,59.99,59.99,057512279X,2012-11-30,Orion,800
9780751555752,Never Somewhere Else Book 1 in the Sunday Times bestselling detective series,Alex Gray,ePUB,12.99,12.99,0751555754,2013-10-31,"Little, Brown Book Group",320
9780356509303,Sins of Empire,Brian McClellan,ePUB,12.99,12.99,0356509303,2017-03-07,"Little, Brown Book Group",640
9780544465619,Curious George Haunted Halloween,H. A. Rey,ePUB,2.99,2.99,054446561X,2014-06-17,HarperCollins,24
9780241404300,Don't Be Evil The Case Against Big Tech,Rana Foroohar,ePUB,16.99,16.99,0241404304,2019-11-07,Penguin Books Ltd,256
9780752876788,Book not found,,,,,,,,
9780547769332,The Goodnight Train,"June Sobel, Laura Huliska-Beith (Illustrator)",ePUB,11.99,11.99,0547769334,2006-09-01,HarperCollins,32
9781393148548,"Bullied Bullied, #1",Vera Hollins,ePUB,4.29,4.29,1393148549,2019-08-27,?Vera Hollins,
9780241961544,Survivor A gripping and emotional story from the bestselling author of Stolen,Lesley Pearse,ePUB,15.99,15.99,0241961548,2014-02-13,Penguin Books Ltd,544
9780571338764,Milkman WINNER OF THE MAN BOOKER PRIZE 2018,Anna Burns,ePUB,16.49,14.99,0571338763,2018-05-15,Faber & Faber,352
9780141910048,"The Rotters' Club 'One of those sweeping, ambitious yet hugely readable, moving, richly comic novels' Daily Telegraph",Jonathan Coe,ePUB,15.99,15.99,0141910046,2008-05-28,Penguin Books Ltd,416
9781841498959,Surface Detail Culture: Book 9,Iain M Banks,Paperback,22.99,20.35,1841498955,2011-05-31,Little Brown,640
9780241382929,Lessons in Stoicism What Ancient Philosophers Teach Us about How to Live,John Sellars,ePUB,14.99,14.99,0241382920,2019-09-05,Penguin Books Ltd,96
9780241981320,Middle England Winner of the Costa Novel Award 2019,Jonathan Coe,ePUB,15.99,15.99,0241981328,2018-11-08,Penguin Books Ltd,368
9780241283936,The Little Book of Hygge The Danish Way to Live Well: The Million Copy Bestseller,Meik Wiking,ePUB,15.99,15.99,0241283930,2016-09-01,Penguin Books Ltd,288
9780141972244,Call for the Dead George Smiley: Book 1,John le Carré,ePUB,15.99,15.99,0141972246,2011-11-03,Penguin Books Ltd,160
9780230754737,Book not found,,,,,,,,
9781101623695,Book not found,,,,,,,,
9780748122981,Abaddon's Gate Expanse: Book 3,James S. A. Corey,ePUB,12.99,12.99,0748122982,2013-06-04,"Little, Brown Book Group",560
9780141969190,The Girl You Left Behind,Jojo Moyes,ePUB,15.99,15.99,0141969199,2012-09-27,Penguin Books Ltd,544
9780230743847,Book not found,,,,,,,,
9780753545195,The Volunteer The True Story of the Resistance Hero who Infiltrated Auschwitz - Costa Book of the Year 2019,Jack Fairweather,ePUB,18.99,18.99,0753545195,2019-06-27,Ebury Publishing,528
9780330513173,Book not found,,,,,,,,
9780857207296,How to Win Friends and Influence People in the Digital Age,Dale Carnegie Training,ePUB,12.99,12.99,0857207296,2011-09-29,Simon & Schuster UK,272
9780307796103,Book not found,,,,,,,,
9780141353975,Katy,Jacqueline Wilson,ePUB,9.99,9.99,014135397X,2015-07-30,Penguin Random House Children's UK,320
9780230770096,Book not found,,,,,,,,
9780857899767,False God of Rome VESPASIAN III,Robert Fabbri,ePUB,7.49,6.99,0857899767,2013-01-01,Corvus,300
9781405917902,Wish You Were Here,Catherine Alliott,ePUB,15.99,15.99,1405917903,2015-02-26,Penguin Books Ltd,416
9781328561770,Book not found,,,,,,,,
9780141963624,The Spy Who Came in from the Cold George Smiley: Book 3,"John le Carré, William Boyd (Introduction by)",ePUB,15.99,15.99,014196362X,2011-02-24,Penguin Books Ltd,272
9780571336234,I Am Dynamite! A Life of Friedrich Nietzsche,Sue Prideaux,ePUB,16.49,14.99,057133623X,2018-10-02,Faber & Faber,416
9780141925912,The Blank Slate The Modern Denial of Human Nature,Steven Pinker,ePUB,18.99,18.99,0141925914,2003-06-05,Penguin Books Ltd,528
9780141347790,Book not found,,,,,,,,
9780316436489,"Billion Dollar Whale The Man Who Fooled Wall Street, Hollywood, and the World","Tom Wright, Bradley Hope",ePUB,23.99,23.99,0316436488,2018-09-18,Hachette Books,400
9781405921824,The Penguin Lessons,Tom Michell,ePUB,14.99,14.99,140592182X,2015-11-05,Penguin Books Ltd,288
9780748125715,The Secret Diaries Of Miss Anne Lister: Vol. 1 The extraordinary story of the first modern lesbian whose diaries 'changed everything' Emma Donoghue,"Anne Lister, Helena Whitbread (Editor)",ePUB,12.99,12.99,074812571X,2010-11-04,"Little, Brown Book Group",384
9780132100670,Book not found,,,,,,,,
9780241188828,The Value of Everything Making and Taking in the Global Economy,Mariana Mazzucato,ePUB,15.99,15.99,0241188822,2018-04-26,Penguin Books Ltd,256
9781370239290,Endgame An Ocean Bay Standalone Novel,Chloe Walsh,ePUB,7.59,7.59,1370239297,2023-03-23,Chloe Walsh,
9781405929813,Christmas with the Bomb Girls The perfect Christmas wartime story to cosy up with this year,Daisy Styles,ePUB,15.99,15.99,1405929812,2017-10-19,Penguin Books Ltd,400
9781301652815,Auschwitz Escape The Klara Wizel Story,Danny Naten,ePUB,4.18,4.18,1301652814,2015-05-11,Danny Naten,
9780814413470,Reinvention How to Make the Rest of Your Life the Best of Your Life,Brian Tracy,ePUB,2.99,2.99,0814413471,2009-01-30,AMACOM,224
9781101585658,Book not found,,,,,,,,
9780297857020,"Heaven And Hell My Life In The Eagles, 1974-2001",Don Felder,ePUB,17.99,17.99,0297857029,2008-09-18,Orion,352
9781310761898,Book not found,,,,,,,,
9781101175293,Book not found,,,,,,,,
9780544553729,Book not found,,,,,,,,
9780007320936,Child of the Phoenix,Barbara Erskine,ePUB,10.99,10.99,0007320930,2009-03-13,HarperCollins Publishers,944
9780804141116,Book not found,,,,,,,,
9780230760615,Book not found,,,,,,,,
9780385528849,Night Shift,Stephen King,ePUB,16.12,12.99,0385528841,2008-06-24,Knopf Doubleday Publishing Group,
9780938045878,The Naked Warrior Master the Secrets of the super-Strong--Using Bodyweight Exercises Only,Pavel Tsatsouline,ePUB,14.66,13.99,0938045873,2003-12-01,Dragon Door Publications,218
9781407068305,Out Of The Sun from the BBC 2 Between the Covers author Robert Goddard,Robert Goddard,ePUB,14.99,14.99,140706830X,2010-03-30,Transworld,432
9780230768123,Book not found,,,,,,,,
9780307490247,Book not found,,,,,,,,
9780544562363,"The Fully Raw Diet 21 Days to Better Health, with Meal and Exercise Plans, Tips, and 75 Recipes",Kristina Carrillo-Bucaram,ePUB,34.99,34.99,0544562364,2016-01-05,HarperCollins,272
9780316183208,Book not found,,,,,,,,
9780241987803,State of the Union A Marriage in Ten Parts,Nick Hornby,ePUB,15.99,15.99,0241987806,2019-05-07,Penguin Books Ltd,140
9780141927138,The Far Pavilions,M M Kaye,ePUB,15.99,15.99,0141927135,2000-01-01,Penguin Books Ltd,960
9780755357222,The Blood Crows Cato & Macro: Book 12,Simon Scarrow,ePUB,11.99,11.99,0755357221,2013-10-24,Headline,448
9780943217123,The Tibetan Book of the Dead,Karma-glin-pa (Karma Lingpa),ePUB,4.39,4.39,0943217121,2010-09-13,Summum,
9780061947353,Book not found,,,,,,,,
9781304378088,Book not found,,,,,,,,
9780716022527,The Curry Secret How to Cook Real Indian Restaurant Meals at Home,Kris Dhillon,ePUB,6.99,6.99,0716022524,2009-10-09,"Little, Brown Book Group",160
9780718186395,Trust No One I Am Pilgrim meets Orphan X in this explosive thriller. You won't be able to put it down,Anthony Mosawi,ePUB,15.99,15.99,0718186397,2018-06-01,Penguin Books Ltd,400
9780141365855,Book not found,,,,,,,,
9780575104181,Steelheart,Brandon Sanderson,ePUB,11.99,11.99,057510418X,2013-09-26,Orion,400
9780755399611,A Liverpool Legacy An unexpected tragedy forces a family to fight for survival...,Anne Baker,ePUB,11.99,11.99,0755399617,2013-11-21,Headline,384
9780141930961,A Load of Old Tripe,Gervase Phinn,ePUB,14.99,14.99,0141930969,2009-11-05,Penguin Books Ltd,144
9780141185071,East of Eden ,John Steinbeck,Paperback,22.99,20.35,0141185074,2003-10-01,Penguin UK,640
9780748109258,Black Notice,Patricia Cornwell,ePUB,11.99,11.99,0748109250,2008-09-04,"Little, Brown Book Group",480
9780698140325,A Grave Matter,Anna Lee Huber,ePUB,13.7,11.99,069814032X,2014-07-01,Penguin Publishing Group,1
9781118968079,Value Proposition Design How to Create Products and Services Customers Want,,PDF,41.79,41.79,1118968077,2014-10-20,Wiley Professional Development (P&T),
9780241396940,Book not found,,,,,,,,
9780753546413,The Ancient Secret of the Fountain of Youth,Peter Kelder,ePUB,18.99,18.99,0753546418,2011-10-06,Ebury Publishing,128
9780525520375,There There,Tommy Orange,Hardcover,51.95,51.95,0525520376,2018-06-05,KNOPF                         ,304
9781405937085,The Grey Ghost Fargo Adventures #10,"Clive Cussler, Robin Burcell",ePUB,15.99,15.99,1405937084,2018-05-31,Penguin Books Ltd,400
9781407039206,Deep Black (Nick Stone Book 7),Andy McNab,ePUB,15.99,15.99,1407039202,2008-10-02,Transworld,512
9780718186111,The Marriage Pact The bestselling thriller for fans of THE COUPLE NEXT DOOR,Michelle Richmond,ePUB,15.99,15.99,0718186117,2017-07-27,Penguin Books Ltd,400
9780241283523,No Way Out The most gripping book of the year from the Richard and Judy Bestselling author,Cara Hunter,ePUB,15.99,15.99,0241283523,2019-03-22,Penguin Books Ltd,384
9780755375523,"The Family A dark thriller of loyalty, crime and corruption",Martina Cole,ePUB,11.99,11.99,0755375521,2010-10-14,Headline,300
9780544444683,Atelier Crenn Metamorphosis of Taste,Dominique Crenn,ePUB,72.59,58.99,054444468X,2018-06-01,Houghton Mifflin Harcourt,376
9780330514750,Book not found,,,,,,,,
9780141353111,Book not found,,,,,,,,
9780748116393,From The Dead,Mark Billingham,ePUB,11.99,11.99,0748116397,2010-08-19,"Little, Brown Book Group",352
9781405525848,Ancillary Justice Imperial Radch: Book 1,Ann Leckie,ePUB,12.99,12.99,1405525843,2013-10-01,"Little, Brown Book Group",432
9780241281130,"Transcendence How Humans Evolved through Fire, Language, Beauty, and Time",Gaia Vince,ePUB,16.99,16.99,024128113X,2019-11-07,Penguin Books Ltd,320
9781405512008,Waylander,David Gemmell,ePUB,11.99,11.99,1405512008,2011-12-01,"Little, Brown Book Group",384
9780141983493,Marx and Marxism,Gregory Claeys,ePUB,14.99,14.99,0141983493,2018-04-05,Penguin Books Ltd,256
9780141906003,Black Diamonds The Rise and Fall of an English Dynasty,Catherine Bailey,ePUB,15.99,15.99,0141906006,2008-03-06,Penguin Books Ltd,544
9780241355244,Frostheart,Jamie Littler,ePUB,9.99,9.99,0241355249,2019-10-03,Penguin Random House Children's UK,209
9780547370224,Animal Farm A Fairy Story,George Orwell,ePUB,4.79,4.79,0547370229,2009-07-01,HarperCollins,
9780857896384,Better Than Easy,Nick Alexander,ePUB,5.99,5.99,0857896385,2011-08-01,Corvus,300
9781927100158,Winter of the Crystal Dances,Angela Dorsey,ePUB,,,1927100151,2016-03-15,Enchanted Pony Books,
9780091816971,Who Moved My Cheese?   An Amazing Way to Deal with Change in Your Work and in Your Life,Spencer Johnson,Paperback,19.99,18.25,0091816971,1999-04-01,RANDOM HOUSE UK,96
9780230771437,Book not found,,,,,,,,
9781407021010,Brave New World,Aldous Huxley,ePUB,15.99,15.99,140702101X,2008-12-26,Random House,272
9780241957493,The Aftermath Now A Major Film Starring Keira Knightley,Rhidian Brook,ePUB,15.99,15.99,0241957494,2013-05-02,Penguin Books Ltd,336
9780141956831,Over Hill and Dale,Gervase Phinn,ePUB,15.99,15.99,0141956836,2001-03-29,Penguin Books Ltd,352
9780755351985,The One You Really Want the perfect heart-warming read from the bestselling author,Jill Mansell,ePUB,11.99,11.99,0755351983,2008-02-10,Headline,300
9780141916231,A Friend of the Family The addictive and emotionally satisfying page-turner that will have you hooked,Lisa Jewell,ePUB,15.99,15.99,0141916230,2005-08-04,Penguin Books Ltd,432
9780743492621,State of the Union Scot Harvath : Book 3,Brad Thor,ePUB,9.99,9.99,0743492625,2004-01-27,Atria Books,352
9780755387298,The 6th Target,"James Patterson, Maxine Paetro",ePUB,4.99,4.99,0755387295,2011-04-28,Headline,338
9780748130825,"Skin Game The Dresden Files, Book Fifteen",Jim Butcher,ePUB,12.99,12.99,0748130829,2014-05-27,"Little, Brown Book Group",464
9781473563742,"The Warehouse A brilliantly imagined, thought-provoking and exciting Orwellian thriller",Rob Hart,ePUB,15.99,15.99,1473563747,2019-08-13,Transworld,368
9780241985441,The Missing Sister,Dinah Jefferies,ePUB,15.99,15.99,0241985447,2019-02-28,Penguin Books Ltd,400
9780241981115,Be More Pirate Or How to Take On the World and Win,Sam Conniff Allende,ePUB,15.99,15.99,0241981115,2018-05-03,Penguin Books Ltd,320
9780786752164,Why Does E=mc2? (And Why Should We Care?),"Brian Cox, Jeff Forshaw",ePUB,13.99,13.99,0786752165,2009-07-14,Hachette Books,264
9780785182979,Spider-Man Ends of the Earth,"Dan Slott, Stefano Caselli (Illustrator), Humberto Ramos (Illustrator)",ePUB,21.99,17.99,0785182977,2014-09-03,Marvel Entertainment,
9780575088498,Flowers For Algernon The must-read literary science fiction masterpiece,Daniel Keyes,ePUB,9.99,9.99,0575088494,2012-11-15,Orion,224
9780525542506,Book not found,,,,,,,,
9780141968582,Mrs Frisby and the Rats of NIMH,Robert C. O'Brien,ePUB,9.99,9.99,0141968583,2011-01-06,Penguin Random House Children's UK,256
9780241978504,"First You Write a Sentence. The Elements of Reading, Writing ... and Life.",Joe Moran,ePUB,15.99,15.99,0241978505,2018-09-27,Penguin Books Ltd,256
9780307237811,Genghis Khan and the Making of the Modern World,Jack Weatherford,ePUB,25.7,20.99,0307237818,2005-03-22,Crown,
9780755385171,"The Secret Life of Bees The stunning multi-million bestselling novel about a young girl's journey; poignant, uplifting and unforgettable",Sue Monk Kidd,ePUB,12.99,12.99,0755385179,2011-02-03,Headline,225
9780141331584,The Red Pyramid (The Kane Chronicles Book 1) The Red Pyramid,Rick Riordan,ePUB,12.99,12.99,0141331585,2010-05-04,Penguin Random House Children's UK,544
9780316389716,Book not found,,,,,,,,
9780446540421,Battlefield of the Mind Winning the Battle in Your Mind,Joyce Meyer,ePUB,8.99,8.99,0446540420,2008-03-25,FaithWords,
9781405519236,Book not found,,,,,,,,
9781405934169,Mythos The Greek Myths Retold,Stephen Fry,ePUB,15.99,15.99,1405934166,2017-11-02,Penguin Books Ltd,400
9780241981412,Captivate The Science of Succeeding with People,Vanessa Van Edwards,ePUB,15.99,15.99,0241981417,2017-05-04,Penguin Books Ltd,256
9780230758025,Book not found,,,,,,,,
9780349116846,Book not found,,,,,,,,
9780141908359,Crime and Punishment,"Fyodor Dostoyevsky, Fuel, David McDuff (Translator)",ePUB,10.99,10.99,0141908351,2003-01-30,Penguin Books Ltd,720
9780748128808,The Girl Who Fell From The Sky,Simon Mawer,ePUB,11.99,11.99,0748128808,2012-05-03,"Little, Brown Book Group",320
9780755349296,4th of July Women's Murder Club : Book 4,"James Patterson, Maxine Paetro",Paperback,22.99,20.4,0755349296,2009-09-01,Headline,448
9780241978825,Before the Rains,Dinah Jefferies,ePUB,15.99,15.99,0241978823,2017-02-23,Penguin Books Ltd,400
9780141903187,Brideshead Revisited The Sacred and Profane Memories of Captain Charles Ryder,Evelyn Waugh,ePUB,15.99,15.99,014190318X,2012-07-26,Penguin Books Ltd,336
9780316221016,"American Spring Lexington, Concord, and the Road to Revolution",Walter R. Borneman,ePUB,17.99,17.99,0316221015,2014-05-06,"Little, Brown and Company",480
9780316388696,The Raven Tower,Ann Leckie,Hardcover,63.25,63.25,0316388696,2019-02-26,ORBIT                         ,432
9780871409508,The New Annotated Frankenstein (The Annotated Books),"Mary Shelley, Leslie S. Klinger (Editor), Guillermo del Toro (Introduction by), Anne K. Mellor",ePUB,54.95,43.99,087140950X,2017-08-08,Liveright,416
9780755349388,London Bridges Alex Cross: Book 10,James Patterson,Paperback,22.99,20.4,0755349385,2010-08-01,Headline,448
9780994054418,Book not found,,,,,,,,
9781401235413,Book not found,,,,,,,,
9780140621297,Book not found,,,,,,,,
9781283052948,Book not found,,,,,,,,
9780307271464,Book not found,,,,,,,,
9780748109296,Buried,Mark Billingham,ePUB,12.99,12.99,0748109293,2008-09-04,"Little, Brown Book Group",528
9780307414151,Book not found,,,,,,,,
9781405921527,The Falcon of Sparta The gripping and battle-scarred adventure from The Sunday Times bestselling author of Empire,Conn Iggulden,ePUB,15.99,15.99,1405921528,2018-05-03,Penguin Books Ltd,480
9780755375608,The Life ,Martina Cole,ePUB,11.99,11.99,0755375602,2012-09-13,Headline,512
9780755397860,The Last of Days A gripping mystery of the Tudor Court,Paul Doherty,ePUB,11.99,11.99,075539786X,2013-06-06,Headline,219
9780241335444,Turtles All the Way Down Now a major film,John Green,ePUB,9.99,9.99,0241335442,2017-10-10,Penguin Random House Children's UK,336
9781250166548,Edgedancer From the Stormlight Archive,Brandon Sanderson,Hardcover,21.4,21.4,1250166543,2017-10-17,St Martin's Press,272
9780748133918,The Winter Crown,Elizabeth Chadwick,ePUB,19.99,19.99,0748133917,2014-09-11,"Little, Brown Book Group",496
9781405928557,Out of the Dark The gripping Sunday Times bestselling thriller,Gregg Hurwitz,ePUB,15.99,15.99,1405928557,2019-02-07,Penguin Books Ltd,400
9781302013677,Guardians Of The Galaxy Vol. 1 Cosmic Avengers,"Brian Michael Bendis, Various (Illustrator)",ePUB,16.12,12.99,130201367X,2019-03-06,Marvel Entertainment,
9780544973978,Book not found,,,,,,,,
9781408806197,Working with Emotional Intelligence,Daniel Goleman,ePUB,19.99,17.99,1408806193,2009-07-20,Bloomsbury Publishing,394
9780748131327,Steve Jobs The Exclusive Biography,Walter Isaacson,ePUB,13.99,13.99,0748131329,2011-10-24,"Little, Brown Book Group",448
9780141966649,Artemis Fowl,Eoin Colfer,ePUB,9.99,9.99,0141966645,2010-06-03,Penguin Random House Children's UK,320
9780141905822,A Month in the Country,"Penelope Fitzgerald (Introduction by), J L Carr",ePUB,15.99,15.99,0141905824,2011-12-01,Penguin Books Ltd,112
9780356507224,Marked An Alex Verus Novel from the New Master of Magical London,Benedict Jacka,ePUB,11.99,11.99,035650722X,2018-07-03,"Little, Brown Book Group",384
9780544369979,Cattle Kingdom The Hidden History of the Cowboy West,Christopher Knowlton,ePUB,37.39,29.99,0544369971,2024-02-27,HarperCollins,464
9781409021551,The Confession A gripping crime thriller from the Sunday Times bestselling author of mystery and suspense,John Grisham,ePUB,15.99,15.99,1409021556,2010-11-09,Random House,464
9780230713741,Book not found,,,,,,,,
9780007350865,A Christmas Carol Collins Classics,Charles Dickens,Paperback,8.25,8.25,0007350864,2010-04-01,HarperCollins Publishers,144
9780994054401,Book not found,,,,,,,,
9780241304297,Maigret and the Wine Merchant Inspector Maigret #71,"Georges Simenon, Ros Schwartz (Translator)",ePUB,15.99,15.99,0241304296,2019-09-05,Penguin Books Ltd,160
9780753555200,"Zero to One Notes on Start Ups, or How to Build the Future","Peter Thiel, Blake Masters",Paperback,24.99,21.75,0753555204,2015-06-04,RANDOM HOUSE UK,224
9781405525671,Christmas at Rosie Hopkins' Sweetshop,Jenny Colgan,ePUB,12.99,12.99,1405525673,2013-11-07,"Little, Brown Book Group",432
9781405937528,"The Salt Path The prize-winning, Sunday Times bestseller from the million-copy bestselling author",Raynor Winn,ePUB,14.99,14.99,1405937521,2018-03-22,Penguin Books Ltd,320
9780141937342,The Moon's a Balloon The Guardian's Number One Hollywood Autobiography,David Niven,ePUB,15.99,15.99,0141937343,2005-04-28,Penguin Books Ltd,336
9780297867319,"Where'd You Go, Bernadette Soon to be a major film starring Cate Blanchett",Maria Semple,ePUB,11.99,11.99,0297867318,2012-06-07,Orion,304
9781101604045,"The Diet Cure The 8-Step Program to Rebalance Your Body Chemistry and End Food Cravings, Weight Gain, and Mood Swings--Naturally",Julia Ross,ePUB,18.85,15.99,1101604042,2012-05-02,Penguin Publishing Group,
9780749954215,Glory in Death In Death: Book 2,J.D. Robb,Paperback,22.99,20.35,0749954213,2011-01-01,Little Brown,416
9781405928281,Anything You Do Say THE ADDICTIVE psychological thriller from the Sunday Times bestselling author,Gillian McAllister,ePUB,15.99,15.99,140592828X,2017-10-19,Penguin Books Ltd,400
9781101543771,Book not found,,,,,,,,
9780748113378,The Year Of The Flood,Margaret Atwood,ePUB,12.99,12.99,0748113371,2010-07-27,"Little, Brown Book Group",432
9780141967448,The Secret Pilgrim George Smiley: Book 8,John le Carré,ePUB,15.99,15.99,0141967447,2011-05-26,Penguin Books Ltd,416
9780141900834,Queen Camilla,Sue Townsend,ePUB,15.99,15.99,0141900830,2007-09-06,Penguin Books Ltd,464
9780307982773,Big Frank's Fire Truck,"Leslie McGuire, Joe Mathieu (Illustrator)",ePUB,8.79,7.99,0307982777,2014-08-27,Random House Children's Books,
9780307430861,Book not found,,,,,,,,
9781407024776,"Secrets Of The Baby Whisperer How to Calm, Connect and Communicate with your Baby","Tracy Hogg, Melinda Blau",ePUB,19.99,19.99,1407024779,2009-12-01,Ebury Publishing,304
9780748129089,Dark Lover Number 1 in series,J. R. Ward,ePUB,11.99,11.99,0748129081,2011-02-03,"Little, Brown Book Group",480
9780785178262,X-Men Mutant Genesis,"Chris Claremont, Jim Lee (Illustrator)",ePUB,19.06,15.99,0785178260,2014-11-05,Marvel Entertainment,
9780141911113,The Big Sleep,"Raymond Chandler, Ian Rankin (Introduction by)",ePUB,15.99,15.99,0141911115,2005-07-07,Penguin Books Ltd,224
9780718186494,Darien Empire of Salt Book I,C. F. Iggulden,ePUB,15.99,15.99,0718186494,2017-07-13,Penguin Books Ltd,352
9780141930015,The Help,Kathryn Stockett,ePUB,15.99,15.99,0141930012,2009-07-23,Penguin Books Ltd,464
9780755387359,Violets are Blue,James Patterson,ePUB,12.99,12.99,075538735X,2011-06-23,Headline,335
9780743499965,"Star Trek Signature Edition: Duty, Honor, Redemption",Vonda N. McIntyre,ePUB,23.99,23.99,0743499964,2004-10-26,Pocket Books/Star Trek,464
9780356512280,The Last Astronaut Shortlisted for the Arthur C. Clarke Award,David Wellington,ePUB,12.99,12.99,0356512282,2019-07-23,"Little, Brown Book Group",384
9781306358422,Book not found,,,,,,,,
9780857077295,Missing Me,Sophie McKenzie,ePUB,10.99,10.99,0857077295,2012-09-13,Simon & Schuster UK,304
9780141923505,East of Eden,"David Wyatt (Introduction by), John Steinbeck",ePUB,15.99,15.99,0141923504,2000-09-07,Penguin Books Ltd,640
9780241976579,"Emotional Agility Get Unstuck, Embrace Change and Thrive in Work and Life",Susan David,ePUB,15.99,15.99,024197657X,2016-04-07,Penguin Books Ltd,272
9781250185464,Exit Strategy The Murderbot Diaries,Martha Wells,ePUB,20.53,16.99,1250185467,2018-10-02,Tor Publishing Group,
9781306072465,Book not found,,,,,,,,
9780755352449,The Island The million-copy Number One bestseller 'A moving and absorbing holiday read',Victoria Hislop,ePUB,11.99,11.99,0755352440,2008-02-10,Headline,300
9780393347777,Naked Statistics Stripping the Dread from the Data,Charles Wheelan,Paperback,29.95,22.25,039334777X,2014-01-13,W W Norton & Company,304
9780141350684,Book not found,,,,,,,,
9780230767539,Book not found,,,,,,,,
9780395657867,Book not found,,,,,,,,
9780755352012,An Offer You Can't Refuse The absolutely IRRESISTIBLE Sunday Times bestseller . . . Your feelgood read for spring!,Jill Mansell,ePUB,12.99,12.99,0755352017,2008-02-10,Headline,300
9780307796189,Book not found,,,,,,,,
9781370483051,Mist's Edge,T.A. White,ePUB,5.48,5.48,1370483058,2017-11-28,T.A. White,
9780753553084,The 7 Second CV How to Land the Interview,James Reed,ePUB,18.99,18.99,0753553082,2019-01-03,Ebury Publishing,208
9780141388786,Book not found,,,,,,,,
9780297860242,"Sharp Objects A major HBO & Sky Atlantic Limited Series starring Amy Adams, from the director of BIG LITTLE LIES, Jean-Marc Vallee",Gillian Flynn,ePUB,11.99,11.99,0297860240,2009-09-03,Orion,336
9781306020725,Book not found,,,,,,,,
9780297868385,The Hairy Bikers' Big Book of Baking,Hairy Bikers,ePUB,19.99,19.99,0297868381,2012-03-01,Orion,224
9781370211678,"Spanish for Geniuses Verbs, Pronouns, Prepositions and Beginner Vocabulary",Andromeda Jones,ePUB,,,1370211678,2017-03-01,Andromeda Jones,
9780297855873,Dark Places ,Gillian Flynn,ePUB,12.99,11.99,0297855875,2009-05-14,Orion,368
9780857388926,The Outcast Dead The Dr Ruth Galloway Mysteries 6,Elly Griffiths,ePUB,11.99,11.99,0857388924,2014-01-30,Quercus,400
9781105795985,Book not found,,,,,,,,
9781405935616,Book not found,,,,,,,,
9781405938259,"Once, Twice, Three Times an Aisling","Emer McLysaght, Sarah Breen",ePUB,15.99,15.99,1405938250,2019-09-19,Penguin Books Ltd,416
9780141924434,Revenge of the Middle-Aged Woman,Elizabeth Buchan,ePUB,15.99,15.99,0141924438,2007-08-02,Penguin Books Ltd,384
9780141909776,This Charming Man,Marian Keyes,ePUB,15.99,15.99,0141909773,2008-04-30,Penguin Books Ltd,912
9780141397030,As I Walked Out One Midsummer Morning,Laurie Lee,ePUB,14.99,14.99,0141397039,2014-06-26,Penguin Books Ltd,224
9780230763043,Book not found,,,,,,,,
9780241958735,Kingdom of Fear Loathsome Secrets of a Star-crossed Child in the Final Days of the American Century,Hunter S Thompson,ePUB,15.99,15.99,0241958733,2011-11-24,Penguin Books Ltd,384
9780755396511,The Other Daughter ,Lisa Gardner,Paperback,24.99,21.75,0755396510,2012-11-13,Headline,416
9780141914527,Letters from a Stoic Epistulae Morales Ad Lucilium,"Seneca, Robin Campbell (Editor), Robin Campbell (Introduction by), Robin Campbell (Translator)",ePUB,10.99,10.99,0141914521,2004-08-26,Penguin Books Ltd,256
9780748112586,The Way Of Shadows Book 1 of the Night Angel,Brent Weeks,ePUB,11.99,11.99,0748112588,2009-06-11,"Little, Brown Book Group",688
9780768442830,Seeing Behind the Veil 100 Invitations to Intimate Encounters with the Holy Spirit,Ana Werner,Paperback,39.71,39.71,0768442834,2018-09-18,DESTINY IMAGE INC             ,240
9780230761223,Book not found,,,,,,,,
9780575088238,"The Republic of Thieves The Gentleman Bastard Sequence, Book Three",Scott Lynch,ePUB,12.99,12.99,0575088230,2013-10-10,Orion,880
9781408851234,The Sixth Extinction An Unnatural History,Elizabeth Kolbert,ePUB,15.99,13.99,1408851237,2014-02-13,Bloomsbury Publishing,336
9780755387144,Four Blind Mice,James Patterson,ePUB,12.99,12.99,0755387147,2011-06-23,Headline,330
9780399182112,Wanderers A Novel,Chuck Wendig,ePUB,23.99,19.99,039918211X,2019-07-02,Random House Worlds,
9780316262330,Book not found,,,,,,,,
9780330513142,Book not found,,,,,,,,
9780330473033,Book not found,,,,,,,,
9780141960654,The Templar's Code,Chloe M. Palov,ePUB,15.99,15.99,0141960655,2010-10-28,Penguin Books Ltd,528
9780061981746,A Lion Among Men Volume Three in The Wicked Years,Gregory Maguire,ePUB,10.99,10.99,0061981745,2009-10-06,HarperCollins,400
9780749020552,Peace Comes to Honeyfield Honeyfield Book 3,Anna Jacobs,Paperback,25.75,25.75,0749020555,2019-05-01,Faber Factory,352
9781405529631,The Secret History,Donna Tartt,ePUB,11.99,11.99,1405529636,2013-05-02,"Little, Brown Book Group",544
9780748121762,Glory in Death In Death: Book 2,J.D. Robb,ePUB,11.99,11.99,0748121765,2010-10-07,"Little, Brown Book Group",336
9780141190693,Vile Bodies,Evelyn Waugh,ePUB,15.99,15.99,0141190698,2012-05-31,Penguin Books Ltd,256
9781407056982,Book not found,,,,,,,,
9780241979723,The Infinite Game From the bestselling author of Start With Why,Simon Sinek,ePUB,19.99,19.99,0241979722,2019-10-15,Penguin Books Ltd,256
9780857868770,The Humans,Matt Haig,ePUB,21.08,16.99,0857868772,2013-05-09,Canongate Books,304
9781408841068,Close Call A Liz Carlyle Novel,Stella Rimington,ePUB,17.58,14.99,1408841061,2014-07-03,Bloomsbury Publishing,352
9780785160069,Book not found,,,,,,,,
9781365014925,Book not found,,,,,,,,
9781448151523,Shadow Hunter,Geoffrey Archer,ePUB,15.99,15.99,144815152X,2012-08-17,Random House,320
9781407070711,The Jeeves Omnibus - Vol 1 (Jeeves & Wooster),P G Wodehouse,ePUB,17.99,17.99,1407070711,2012-02-29,Random House,592
9781407010953,Kill Your Friends,John Niven,ePUB,15.99,15.99,1407010956,2008-12-16,Random House,336
9780857056443,Book not found,,,,,,,,
9781407070216,Tripwire Jack Reacher: Book 3,Lee Child,ePUB,16.99,16.99,1407070215,2008-09-04,Transworld,560
9781405512176,Fred & Rose The Full Story of Fred and Rose West and the Gloucester House of Horrors,Howard Sounes,ePUB,11.99,11.99,1405512172,2011-09-05,"Little, Brown Book Group",384
9780857202970,"The Night Stalker A brilliant serial killer thriller, featuring the unstoppable Robert Hunter",Chris Carter,Paperback,22.99,20.4,0857202979,2012-03-01,Simon & Schuster UK,464
9780544759213,Glow Animals with Their Own Night-Lights,W. H. Beck,ePUB,11.99,11.99,0544759214,2015-12-15,HarperCollins,32
9780141906430,Regeneration The first novel in Pat Barker's Booker Prize-winning Regeneration trilogy,Pat Barker,ePUB,15.99,15.99,014190643X,2008-05-01,Penguin Books Ltd,256
9780544245587,Book not found,,,,,,,,
9781407096186,The Devil's Alternative,Frederick Forsyth,ePUB,15.99,15.99,1407096184,2011-05-30,Random House,496
9780755353453,The Gladiator (Eagles of the Empire 9) Cato & Macro: Book 9,Simon Scarrow,ePUB,12.99,12.99,0755353455,2009-08-06,Headline,320
9781407070544,Friends In High Places Guido Brunetti: Book 9,Donna Leon,ePUB,15.99,15.99,1407070541,2010-04-13,Random House,336
9781407071879,Cinderella Sister,Dilly Court,ePUB,15.99,15.99,1407071874,2011-06-02,Random House,512
9781407086071,The Leopard Harry Hole: Book 8,"Jo Nesbo, Don Bartlett (Translator)",ePUB,15.99,15.99,1407086073,2011-01-20,Random House,752
9780141342610,Magnus Chase and the Ship of the Dead (Book 3),Rick Riordan,ePUB,9.99,9.99,0141342617,2017-10-03,Penguin Random House Children's UK,528
9780553897050,A Christmas Carol,Charles Dickens,ePUB,8.55,7.99,0553897055,2002-11-26,Random House Publishing Group,
9780141952123,The Winter King A Novel of Arthur,Bernard Cornwell,ePUB,15.99,15.99,0141952121,2007-11-01,Penguin Books Ltd,512
9780241983133,Grand Union,Zadie Smith,ePUB,15.99,15.99,0241983134,2019-10-03,Penguin Books Ltd,304
9781405936019,The Whisper Man The chilling must-read Richard & Judy thriller pick,Alex North,ePUB,15.99,15.99,1405936010,2019-06-13,Penguin Books Ltd,400
9780755387199,"Mary, Mary",James Patterson,ePUB,12.99,12.99,0755387198,2011-04-28,Headline,327
9780349419220,Someone to Trust The Westcott Family Series: Book 5,Mary Balogh,Paperback,22.99,20.4,0349419221,2018-11-27,Little Brown,400
9780141919959,Nineteen Eighty-Four,"George Orwell, Thomas Pynchon (Introduction by)",ePUB,10.99,10.99,0141919957,2004-01-29,Penguin Books Ltd,400
9780316252997,Book not found,,,,,,,,
9780141930183,Blink The Power of Thinking Without Thinking,Malcolm Gladwell,ePUB,15.99,15.99,0141930187,2006-02-23,Penguin Books Ltd,304
9780297855897,Book not found,,,,,,,,
9780553903102,The Orphan's Tales In the Night Garden,Catherynne Valente,ePUB,10.27,9.99,0553903101,2006-10-31,Random House Worlds,
9780544084780,The Testing Guide,Joelle Charbonneau,ePUB,4.99,4.99,0544084780,2013-05-01,HarperCollins,
9780241983409,The Beautiful Summer,"Cesare Pavese, Elizabeth Strout (Introduction by)",ePUB,15.99,15.99,0241983401,2018-06-07,Penguin Books Ltd,112
9781529003314,Split Second King and Maxwell: Book 1,David Baldacci,Paperback,19.99,18.25,1529003318,2019-11-12,Pan Macmillan UK,608
9781409003175,Best ever recipes 40 years of Food Optimising,Slimming World,ePUB,21.99,21.99,1409003175,2014-04-30,Ebury Publishing,208
9780241966068,The Separation Discover the perfect escapist read from the No.1 Sunday Times bestselling author of The Tea Planter's Wife,Dinah Jefferies,ePUB,15.99,15.99,024196606X,2014-05-22,Penguin Books Ltd,320
9780857863430,Orlando,Virginia Woolf,ePUB,13.74,11.99,0857863436,2012-01-05,Canongate Books,192
9780998151649,Cage of Deceit,Jennifer Anne Davis,ePUB,,,0998151645,2019-06-19,Reign Publishing,
9780748109272,Body Of Evidence,Patricia Cornwell,ePUB,11.99,11.99,0748109277,2008-09-04,"Little, Brown Book Group",400
9780670920501,What Are You Looking At? 150 Years of Modern Art in the Blink of an Eye,Will Gompertz,ePUB,16.99,16.99,0670920509,2012-09-06,Penguin Books Ltd,464
9780755118397,Book not found,,,,,,,,
9780230752368,Book not found,,,,,,,,
9780241965610,How to be Both,Ali Smith,ePUB,15.99,15.99,0241965616,2014-08-28,Penguin Books Ltd,320
9780748109951,The Wasp Factory The stunning and controversial literary debut novel,Iain Banks,ePUB,11.99,11.99,0748109951,2008-09-04,"Little, Brown Book Group",256
9780575097476,Warbreaker A Cosmere Novel,Brandon Sanderson,ePUB,11.99,11.99,0575097477,2011-12-29,Orion,688
9780544147775,Ruth's First Christmas Tree A Ruth Galloway Christmas Story,Elly Griffiths,ePUB,4.99,4.99,0544147774,2012-12-11,HarperCollins,
9780297864004,Caesar The Life Of A Colossus,"Adrian Goldsworthy, Dr Adrian Goldsworthy Ltd",ePUB,17.99,17.99,0297864009,2013-04-18,Orion,704
9780330461931,Book not found,,,,,,,,
9780575104426,Dune Messiah Dune: Book 2,Frank Herbert,ePUB,24.99,24.99,0575104422,2011-07-14,Orion,416
9780241986554,Agent Running in the Field A BBC 2 Between the Covers Book Club Pick,John le Carré,ePUB,15.99,15.99,0241986559,2019-10-17,Penguin Books Ltd,272
9780241984642,I Looked Away the page-turning Sunday Times Top 5 bestseller,Jane Corry,ePUB,15.99,15.99,0241984645,2019-06-21,Penguin Books Ltd,464
9781785760457,Exile Marc Dane Book 2,James Swallow,Paperback,27.99,23.75,1785760459,2018-04-24,Bonnier,576
9781400888023,"The Moral Economists R. H. Tawney, Karl Polanyi, E. P. Thompson, and the Critique of Capitalism",Tim Rogan,ePUB,47.29,37.99,1400888026,2017-12-18,Princeton University Press,280
9780241399378,Novacene The Coming Age of Hyperintelligence,James Lovelock,ePUB,16.99,16.99,0241399378,2019-07-04,Penguin Books Ltd,160
9781306863421,Book not found,,,,,,,,
9780141907178,Scoop A Novel About Journalists,Evelyn Waugh,ePUB,15.99,15.99,0141907177,2012-05-31,Penguin Books Ltd,240
9781405930819,"The Darkness If you like Saga Noren from The Bridge, then you'll love Hulda Hermannsdottir","Ragnar Jónasson, Victoria Cribb (Translator)",ePUB,15.99,15.99,1405930810,2018-03-15,Penguin Books Ltd,400
9781405913157,Natural Causes Inspector McLean 1,James Oswald,ePUB,15.99,15.99,1405913150,2012-11-22,Penguin Books Ltd,400
9780761178668,"How to Care for Aging Parents, 3rd Edition A One-Stop Resource for All Your Medical, Financial, Housing, and Emotional Issues",Virginia Morris,ePUB,23.99,23.99,076117866X,2014-02-11,Workman Publishing Company,688
9780857208750,The Last Man Mitch Rapp: Book 13,Vince Flynn,ePUB,4.99,4.99,0857208756,2012-11-13,Simon & Schuster UK,448
9780141912554,The Moon is Down,"Donald Coers (Introduction by), John Steinbeck",ePUB,15.99,15.99,0141912553,2000-11-30,Penguin Books Ltd,144
9780316187169,New Joe Abercrombie Novel #1,Joe Abercrombie,Hardcover,51.75,51.75,031618716X,2019-09-17,ORBIT                         ,480
9781407020952,Silence Of The Grave,"Arnaldur Indridason, Bernard Scudder (Translator)",ePUB,15.99,15.99,1407020951,2008-12-26,Random House,304
9780307796103,Book not found,,,,,,,,
9780785171454,X-Men Dark Phoenix Saga,"Chris Claremont, John Byrne (Illustrator)",ePUB,24.93,20.99,0785171452,2019-03-13,Marvel Entertainment,
9780755307500,Small Island ,Andrea Levy,Paperback,24.99,21.75,075530750X,2010-01-01,Headline,560
9781407034935,Soul Music (Discworld Novel 16),Terry Pratchett,ePUB,14.99,14.99,1407034936,2009-05-27,Transworld,432
9780755349272,2nd Chance Women's Murder Club : Book 2,"James Patterson, Andrew Gross",Paperback,22.99,20.4,075534927X,2009-08-01,Headline,432
9780230772021,Book not found,,,,,,,,
9781101201794,Andrew Carnegie,David Nasaw,ePUB,15.42,12.99,1101201797,2007-10-30,Penguin Publishing Group,896
9780241973288,The Good Liar Now a Major Film Starring Helen Mirren and Ian McKellen,Nicholas Searle,ePUB,15.99,15.99,0241973287,2015-12-31,Penguin Books Ltd,288
9781405934671,No Further Questions You'd trust your sister with your life. But should you? The compulsive thriller from the Sunday Times bestselling author,Gillian McAllister,ePUB,15.99,15.99,1405934670,2018-07-02,Penguin Books Ltd,400
9780748110087,Use of Weapons Culture: Book 3,Iain M. Banks,ePUB,12.99,12.99,0748110089,2008-09-04,"Little, Brown Book Group",432
9780141930176,The Witches,"Roald Dahl, Quentin Blake (Illustrator)",ePUB,9.99,9.99,0141930179,2007-09-06,Penguin Random House Children's UK,224
9781401937522,Book not found,,,,,,,,
9780141946030,The Betrayal A touching historical novel from the Women's Prize-winning author of A Spell of Winter,Helen Dunmore,ePUB,15.99,15.99,0141946032,2010-04-29,Penguin Books Ltd,336
9780553898415,Common Sense,"Thomas Paine, Diana Gabaldon (Introduction by)",ePUB,3.99,3.99,0553898418,2004-02-03,Random House Publishing Group,
9781301211227,Taunting Destiny,Amelia Hutchins,ePUB,6.99,6.99,1301211222,2015-07-30,Amelia Hutchins,
9780141913995,The Book of Chuang Tzu,"Chuang Tzu, Martin Palmer (Translator)",ePUB,14.99,14.99,0141913991,2006-11-30,Penguin Books Ltd,352
9780748129232,Fingersmith A BBC 2 Between the Covers Book Club Pick - Booker Prize Shortlisted,Sarah Waters,ePUB,11.99,11.99,0748129235,2011-02-03,"Little, Brown Book Group",560
9780141917986,Ways of Seeing,John Berger,ePUB,14.99,14.99,0141917989,2008-09-25,Penguin Books Ltd,176
9780748127726,"Life, Death and Vanilla Slices A page-turning family drama from the Sunday Times bestselling author",Jenny Eclair,ePUB,12.99,12.99,0748127720,2012-07-05,"Little, Brown Book Group",320
9780297857884,Revolution 1989 The Fall of the Soviet Empire,Victor Sebestyen,ePUB,19.99,19.99,0297857886,2009-07-30,Orion,576
9780316252966,Book not found,,,,,,,,
9780857346568,Book not found,,,,,,,,
9781455550791,Book not found,,,,,,,,
9780989929158,Book not found,,,,,,,,
9781473501539,The Blissful Baby Expert,Lisa Clegg,ePUB,19.99,19.99,1473501539,2014-02-06,Ebury Publishing,368
9781101625545,A Fall of Marigolds,Susan Meissner,ePUB,23.99,19.99,1101625546,2014-02-04,Penguin Publishing Group,304
9781405925679,Down to the Woods DI Helen Grace 8,M. J. Arlidge,ePUB,15.99,15.99,1405925671,2018-09-20,Penguin Books Ltd,368
9781281372048,Book not found,,,,,,,,
9781407071565,11th Hour Women's Murder Club 11,James Patterson,ePUB,15.99,15.99,1407071564,2012-03-01,Random House,496
9780241392102,"Love, Iris The Sunday Times Bestseller and Richard & Judy Book Club Pick 2019",Elizabeth Noble,ePUB,15.99,15.99,0241392101,2018-12-27,Penguin Books Ltd,480
9780755128082,Soldiers Of The Queen,Max Hennessy,ePUB,8.79,7.99,0755128087,2015-10-01,House of Stratus,366
9781405919319,Tom Clancy's Support and Defend,Mark Greaney,ePUB,15.99,15.99,1405919310,2014-07-22,Penguin Books Ltd,416
9780230741140,Book not found,,,,,,,,
9780141975597,Feral Searching for Enchantment on the Frontiers of Rewilding,George Monbiot,ePUB,15.99,15.99,0141975598,2013-05-30,Penguin Books Ltd,256
9780751540031,From the Dead Tom Thorne: Book 9,Mark Billingham,Paperback,22.99,20.4,075154003X,2011-05-31,Little Brown,496
9780241984581,The Killing Type A short story from the bestselling author of My Husband's Wife,Jane Corry,ePUB,,,0241984580,2018-05-17,Penguin Books Ltd,40
9780755378500,If You Were Me The charming bestseller that asks: what would YOU do?,Sheila O'Flanagan,ePUB,11.99,11.99,0755378504,2014-07-03,Headline,464
9780748124619,Pretty Little Liars Number 1 in series,Sara Shepard,ePUB,11.99,11.99,0748124616,2010-11-04,"Little, Brown Book Group",256
9780753553947,Before We Was We Madness by Madness,"Mike Barson, Mark Bedford, Chris Foreman, Graham McPherson, Dan Woodgate",ePUB,15.99,15.99,0753553945,2019-10-10,Ebury Publishing,320
9781101984796,Christmas Bells A Novel,Jennifer Chiaverini,Paperback,44.75,44.75,1101984791,2016-10-11,Penguin Group USA,352
9780807014288,Book not found,,,,,,,,
9780307744920,The Fifth Queen,Ford Madox Ford,ePUB,17.14,13.99,0307744922,2011-10-04,Knopf Doubleday Publishing Group,
9780575095854,Red Country A First Law Novel,Joe Abercrombie,ePUB,12.99,12.99,0575095857,2012-10-18,Orion,560
9780141915067,One Flew Over the Cuckoo's Nest,"Ken Kesey, Joe Sacco",ePUB,15.99,15.99,0141915064,2011-08-23,Penguin Books Ltd,320
9780007283033,Provided You Don't Kiss Me 20 Years with Brian Clough,Duncan Hamilton,ePUB,20.99,20.99,0007283032,2008-09-04,HarperCollins Publishers,256
9781407020358,Love,Toni Morrison,ePUB,15.99,15.99,1407020358,2008-12-26,Random House,208
9780486113036,Macbeth,William Shakespeare,ePUB,1.45,1.45,0486113035,2012-02-03,Dover Publications,96
9781405529518,The Goldfinch,Donna Tartt,ePUB,12.99,12.99,1405529512,2013-10-22,"Little, Brown Book Group",784
9781401395421,Home A Memoir of My Early Years,Julie Andrews,ePUB,21.99,21.99,1401395422,2008-04-01,Hachette Books,352
9780283070891,Book not found,,,,,,,,
9780748109685,Trace,Patricia Cornwell,ePUB,11.99,11.99,0748109684,2008-09-04,"Little, Brown Book Group",496
9780241308363,The Coddling of the American Mind How Good Intentions and Bad Ideas Are Setting Up a Generation for Failure,"Jonathan Haidt, Greg Lukianoff",ePUB,16.99,16.99,0241308364,2018-09-04,Penguin Books Ltd,400
9780571298716,The Wall LONGLISTED FOR THE BOOKER PRIZE 2019,John Lanchester,ePUB,13.19,11.99,0571298710,2019-01-15,Faber & Faber,320
9780134190563,"Go Programming Language, The","Alan A. A. Donovan, Brian W. Kernighan",ePUB,61.25,61.25,0134190564,2015-11-16,Pearson Technology Group,
9780648046219,The Brothers of Brigadier Station,Sarah Williams,ePUB,0.99,0.99,0648046214,2017-08-09,Serenade Publishing,234
9780553904567,Persuasion,Jane Austen,ePUB,3.99,3.99,0553904566,2008-01-29,Random House Publishing Group,
9781119404514,The Little Book of Common Sense Investing The Only Way to Guarantee Your Fair Share of Stock Market Returns,John C. Bogle,ePUB,29.99,29.99,1119404517,2017-09-22,Wiley,304
9780141369778,Murder Most Unladylike A Murder Most Unladylike Mystery,Robin Stevens,ePUB,9.99,9.99,0141369779,2016-02-25,Penguin Random House Children's UK,352
9780141924601,Father Unknown,Lesley Pearse,ePUB,15.99,15.99,0141924608,2006-07-06,Penguin Books Ltd,416
9780571341191,Girl,Edna O'Brien,ePUB,13.19,11.99,0571341195,2019-09-03,Faber & Faber,320
9780141967318,Tempting Fate,Jane Green,ePUB,15.99,15.99,0141967315,2013-09-12,Penguin Books Ltd,400
9780230741928,Book not found,,,,,,,,
9780241983881,Measure What Matters The Simple Idea that Drives 10x Growth,John Doerr,ePUB,18.99,18.99,0241983886,2018-04-24,Penguin Books Ltd,320
9780358018971,Seeing Around Corners How to Spot Inflection Points in Business Before They Happen,Rita McGrath,ePUB,26.99,26.99,0358018978,2019-09-03,HarperCollins,
9780571356515,Find Me A TOP TEN SUNDAY TIMES BESTSELLER,André Aciman,ePUB,16.49,14.99,0571356516,2019-10-29,Faber & Faber,256
9780141924403,Percy Jackson and the Lightning Thief (Book 1),Rick Riordan,ePUB,12.99,12.99,0141924403,2008-05-01,Penguin Random House Children's UK,384
9780141344751,The Demigod Diaries,Rick Riordan,ePUB,14.99,14.99,014134475X,2012-09-06,Penguin Random House Children's UK,256
9781302453640,Star Wars Omnibus Knights of the Old Republic Vol. 1,"John Jackson Miller, Brian Ching (Illustrator), Travel Foreman (Illustrator)",ePUB,29.33,23.99,1302453645,2015-03-25,Marvel Entertainment,
9780994105455,Forever Dreams A Small Town Romance,Leeanna Morgan,ePUB,9.99,9.99,0994105452,2018-10-02,Rogan Press,
9780748125784,The Retribution Tony Hill & Carol Jordan: Book 7,Val McDermid,ePUB,11.99,11.99,0748125787,2011-09-01,"Little, Brown Book Group",544
9780356500287,Fool Moon : Dresden Files Dresden Files : Book 2,Jim Butcher,Paperback,20.4,20.4,0356500284,2011-05-05,Little Brown,341
9780241983027,The Water Cure ,Sophie Mackintosh,ePUB,15.99,15.99,0241983029,2018-05-24,Penguin Books Ltd,240
9781405913195,The Hangman's Song Inspector McLean 3,James Oswald,ePUB,14.99,14.99,1405913193,2014-02-27,Penguin Books Ltd,400
9780141930459,Hornblower and the Hotspur,C.S. Forester,ePUB,15.99,15.99,0141930454,2006-10-05,Penguin Books Ltd,304
9781405932677,"The Pioppi Diet The 21-Day Anti-Diabetes Lifestyle Plan as followed by Tom Watson, author of Downsizing","Dr Aseem Malhotra, Donal O'Neill",ePUB,14.99,14.99,1405932678,2017-06-29,Penguin Books Ltd,288
9780748112531,Eclipse Twilight Saga: Book 3,Stephenie Meyer,ePUB,11.99,11.99,0748112537,2009-02-26,"Little, Brown Book Group",672
9780241295434,Dark Tales,Shirley Jackson,ePUB,15.99,15.99,0241295432,2016-10-06,Penguin Books Ltd,176
9781407035208,The Fifth Elephant (Discworld Novel 24),Terry Pratchett,ePUB,15.99,15.99,1407035207,2008-09-04,Transworld,464
9781302013677,Guardians Of The Galaxy Vol. 1 Cosmic Avengers,"Brian Michael Bendis, Various (Illustrator)",ePUB,16.12,12.99,130201367X,2019-03-06,Marvel Entertainment,
9781405911351,The Unmarried Mother,Sheila Tofield,ePUB,14.99,14.99,1405911352,2013-03-28,Penguin Books Ltd,240
9780718158293,Dani's Story,"Diane Lierow, Bernie Lierow",ePUB,14.99,14.99,0718158296,2011-09-29,Penguin Books Ltd,288
9781405530668,Book not found,,,,,,,,
9780748109357,Cruel And Unusual,Patricia Cornwell,ePUB,11.99,11.99,0748109358,2008-09-04,"Little, Brown Book Group",448
9780753541593,The Bracelet Erotic Romance,Fredrica Alleyn,Paperback,32.99,26.95,0753541599,2013-04-15,RANDOM HOUSE UK,320
9781407060736,Always Managing My Autobiography,Harry Redknapp,ePUB,18.99,18.99,1407060732,2013-10-10,Ebury Publishing,432
9781405525954,Tower Lord Book 2 of Raven's Shadow,Anthony Ryan,ePUB,12.99,12.99,1405525959,2014-07-03,"Little, Brown Book Group",624
9780857667809,Book not found,,,,,,,,
9780575089372,Dead Until Dark : A True Blood Novel Sookie Stackhouse : Book 1,Charlaine Harris,ePUB,11.99,11.99,0575089377,2010-02-25,Orion,352
9781407035024,Feet Of Clay (Discworld Novel 19),Terry Pratchett,ePUB,14.99,14.99,1407035029,2008-12-16,Transworld,416
9780071771320,Book not found,,,,,,,,
9780748109524,Scaredy Cat,Mark Billingham,ePUB,11.99,11.99,0748109528,2008-09-04,"Little, Brown Book Group",480
9780241324752,"Margaret Thatcher The Authorized Biography, Volume Three: Herself Alone",Charles Moore,ePUB,19.99,19.99,0241324750,2019-10-03,Penguin Books Ltd,880
9780385539265,Book not found,,,,,,,,
9780751544831,Black Notice Kay Scarpetta: Book 10,Patricia Cornwell,Paperback,22.99,20.4,0751544833,2010-11-01,Little Brown,464
9780156033121,Book not found,,,,,,,,
9781405918770,The Break British Book Awards Author of the Year 2022,Marian Keyes,ePUB,15.99,15.99,1405918772,2017-09-07,Penguin Books Ltd,400
9781101606605,Book not found,,,,,,,,
9780425285947,Dark Age,Pierce Brown,Hardcover,49.25,49.25,0425285944,2019-07-30,Del Rey Books,800
9780241967454,Last Man Off A True Story of Disaster and Survival on the Antarctic Seas,Matt Lewis,ePUB,16.99,16.99,0241967457,2014-07-10,Penguin Books Ltd,256
9780230763098,Book not found,,,,,,,,
9780241978870,Three Daughters of Eve,Elif Shafak,ePUB,15.99,15.99,0241978874,2017-02-02,Penguin Books Ltd,368
9780719811135,Book not found,,,,,,,,
9780671036904,Iron Lake (20th Anniversary Edition) A Novel,William Kent Krueger,ePUB,14.99,14.99,0671036904,2000-01-01,Atria Books,336
9780062358486,Book not found,,,,,,,,
9780857382184,The Chessmen The Lewis Trilogy Book 3,Peter May,ePUB,12.99,12.99,0857382187,2012-11-19,Quercus,400
9780241975909,The Silk Merchant's Daughter,Dinah Jefferies,ePUB,15.99,15.99,0241975905,2016-02-25,Penguin Books Ltd,400
9780141958309,The Brightest Star in the Sky,Marian Keyes,ePUB,15.99,15.99,0141958308,2009-10-30,Penguin Books Ltd,640
9780141393964,Things Fall Apart,Chinua Achebe,ePUB,15.99,15.99,0141393963,2013-04-25,Penguin Books Ltd,176
9780670922864,The Challenger Sale How To Take Control of the Customer Conversation,"Matthew Dixon, Brent Adamson",ePUB,18.99,18.99,0670922862,2012-10-01,Penguin Books Ltd,240
9780553897050,A Christmas Carol,Charles Dickens,ePUB,8.55,7.99,0553897055,2002-11-26,Random House Publishing Group,
9781250142658,Dottir My Journey to Becoming a Two-Time CrossFit Games Champion,"Katrin Davidsdottir, Rory McKernan",ePUB,19.51,15.99,1250142652,2019-08-06,St. Martin's Publishing Group,
9780141903026,Berlin The Downfall 1945: The Number One Bestseller,Antony Beevor,ePUB,15.99,15.99,0141903023,2007-10-04,Penguin Books Ltd,528
9781405917315,The David Raker Collection Books 1-3,Tim Weaver,ePUB,19.99,19.99,1405917318,2013-09-26,Penguin Books Ltd,1142
